period,demand
1,21
2,81
3,32
4,58
5,47
6,49
7,66
8,29
9,55
10,39
11,48
12,41
13,47
14,52
15,48
16,42
17,58
18,44
19,51
20,25
21,65
22,80
23,80
24,36
25,45
26,72
27,27
28,41
29,60
30,44
31,33
32,79
33,60
34,65
35,36
36,90
37,58
38,19
39,24
40,18
41,30
42,28
43,47
44,19
45,52
46,26
47,46
48,15
49,75
50,15
51,61
52,79
53,77
54,64
55,56
56,87
57,35
58,59
59,69
60,41
61,34
62,52
63,33
64,39
65,17
66,47
67,69
68,85
69,22
70,26
71,35
72,62
73,90
74,43
75,53
76,50
77,74
78,63
79,32
80,37
81,36
82,69
83,42
84,69
85,11
86,23
87,5
88,53
89,2
90,9
91,57
92,55
93,35
94,46
95,30
96,38
97,62
98,74
99,37
100,22
101,22
102,64
103,27
104,28
105,2
106,22
107,46
108,76
109,35
110,64
111,40
112,8
113,62
114,55
115,44
116,49
117,61
118,79
119,49
120,80
121,49
122,51
123,46
124,61
125,41
126,34
127,55
128,33
129,51
130,50
131,52
132,62
133,72
134,15
135,80
136,51
137,63
138,49
139,39
140,43
141,47
142,64
143,41
144,49
145,71
146,38
147,64
148,89
149,13
150,69
151,44
152,4
153,49
154,53
155,36
156,30
157,40
158,37
159,26
160,84
161,38
162,52
163,43
164,14
165,57
166,52
167,63
168,44
169,56
170,33
171,46
172,48
173,39
174,49
175,47
176,31
177,78
178,26
179,34
180,42
181,59
182,56
183,52
184,62
185,48
186,33
187,55
188,41
189,61
190,45
191,2
192,81
193,50
194,54
195,64
196,7
197,13
198,50
199,36
200,67
201,60
202,82
203,82
204,51
205,34
206,27
207,52
208,45
209,17
210,50
211,74
212,52
213,74
214,83
215,38
216,36
217,54
218,56
219,29
220,54
221,59
222,48
223,31
224,44
225,8
226,55
227,43
228,61
229,49
230,53
231,22
232,57
233,66
234,24
235,77
236,52
237,67
238,42
239,48
240,70
241,61
242,49
243,45
244,9
245,34
246,23
247,28
248,37
249,61
250,55
251,43
252,29
253,23
254,51
255,9
256,24
257,50
258,2
259,28
260,56
261,26
262,52
263,15
264,36
265,43
266,55
267,27
268,48
269,53
270,47
271,38
272,88
273,56
274,62
275,74
276,19
277,81
278,27
279,2
280,68
281,73
282,65
283,33
284,67
285,56
286,28
287,73
288,42
289,40
290,2
291,61
292,21
293,39
294,91
295,49
296,29
297,35
298,55
299,24
300,46
301,40
302,31
303,32
304,63
305,40
306,72
307,24
308,59
309,63
310,36
311,20
312,88
313,30
314,15
315,27
316,33
317,37
318,33
319,56
320,91
321,81
322,36
323,65
324,29
325,12
326,29
327,53
328,71
329,66
330,49
331,72
332,46
333,81
334,55
335,61
336,88
337,58
338,41
339,61
340,51
341,94
342,49
343,24
344,29
345,52
346,33
347,90
348,69
349,48
350,68
351,62
352,79
353,34
354,9
355,77
356,56
357,42
358,52
359,50
360,67
361,66
362,55
363,59
364,51
365,42
366,69
367,64
368,33
369,24
370,57
371,27
372,52
373,39
374,50
375,58
376,71
377,51
378,37
379,37
380,13
381,78
382,63
383,38
384,64
385,76
386,58
387,46
388,61
389,44
390,27
391,18
392,44
393,14
394,31
395,32
396,49
397,64
398,21
399,19
400,11
401,45
402,53
403,44
404,67
405,32
406,60
407,61
408,56
409,88
410,60
411,54
412,72
413,26
414,49
415,56
416,78
417,10
418,65
419,68
420,41
421,34
422,46
423,39
424,54
425,17
426,22
427,35
428,41
429,75
430,49
431,2
432,57
433,83
434,39
435,22
436,25
437,45
438,70
439,36
440,47
441,46
442,41
443,53
444,80
445,61
446,58
447,51
448,68
449,48
450,62
451,92
452,39
453,33
454,47
455,48
456,29
457,31
458,60
459,2
460,53
461,16
462,63
463,43
464,52
465,35
466,60
467,30
468,70
469,40
470,41
471,47
472,57
473,23
474,62
475,39
476,36
477,83
478,45
479,47
480,40
481,25
482,2
483,25
484,87
485,47
486,80
487,47
488,66
489,64
490,31
491,28
492,48
493,86
494,49
495,23
496,45
497,46
498,62
499,24
500,42
501,12
502,39
503,29
504,21
505,27
506,55
507,53
508,35
509,56
510,24
511,35
512,62
513,60
514,16
515,53
516,65
517,71
518,23
519,52
520,35
521,46
522,40
523,56
524,30
525,34
526,83
527,56
528,40
529,46
530,45
531,57
532,48
533,13
534,48
535,63
536,29
537,79
538,66
539,58
540,47
541,30
542,16
543,57
544,62
545,57
546,37
547,59
548,49
549,34
550,33
551,71
552,44
553,53
554,56
555,52
556,63
557,63
558,51
559,53
560,93
561,49
562,15
563,52
564,54
565,38
566,43
567,55
568,34
569,84
570,44
571,54
572,44
573,75
574,10
575,47
576,45
577,74
578,75
579,18
580,48
581,75
582,28
583,48
584,65
585,15
586,57
587,67
588,14
589,52
590,97
591,46
592,65
593,50
594,33
595,71
596,46
597,21
598,38
599,54
600,39
601,31
602,31
603,60
604,55
605,61
606,34
607,36
608,77
609,65
610,39
611,41
612,52
613,85
614,33
615,24
616,42
617,70
618,5
619,59
620,36
621,31
622,46
623,55
624,52
625,43
626,64
627,99
628,60
629,56
630,62
631,63
632,27
633,75
634,68
635,22
636,64
637,22
638,32
639,36
640,50
641,51
642,31
643,50
644,40
645,30
646,91
647,52
648,33
649,60
650,39
651,33
652,63
653,73
654,19
655,73
656,76
657,48
658,69
659,47
660,45
661,41
662,39
663,47
664,46
665,57
666,54
667,34
668,48
669,28
670,37
671,72
672,32
673,29
674,98
675,57
676,89
677,36
678,63
679,57
680,74
681,54
682,42
683,10
684,84
685,45
686,32
687,34
688,40
689,6
690,27
691,41
692,37
693,49
694,67
695,63
696,32
697,52
698,45
699,36
700,83
701,43
702,78
703,86
704,57
705,51
706,56
707,79
708,80
709,34
710,85
711,48
712,35
713,49
714,36
715,43
716,40
717,32
718,2
719,99
720,52
721,29
722,42
723,64
724,55
725,35
726,48
727,47
728,53
729,100
730,45
731,33
732,17
733,50
734,63
735,49
736,63
737,59
738,13
739,97
740,62
741,62
742,69
743,24
744,71
745,66
746,40
747,57
748,93
749,15
750,85
751,73
752,62
753,87
754,48
755,33
756,30
757,71
758,35
759,60
760,32
761,20
762,9
763,40
764,82
765,77
766,22
767,68
768,102
769,85
770,23
771,40
772,29
773,57
774,58
775,78
776,42
777,69
778,88
779,24
780,2
781,40
782,69
783,95
784,66
785,24
786,31
787,48
788,53
789,35
790,31
791,39
792,47
793,63
794,37
795,39
796,38
797,41
798,38
799,61
800,49
801,35
802,15
803,43
804,47
805,17
806,46
807,61
808,27
809,39
810,77
811,111
812,56
813,48
814,40
815,55
816,87
817,39
818,22
819,39
820,85
821,51
822,59
823,30
824,41
825,60
826,82
827,43
828,65
829,35
830,6
831,11
832,24
833,18
834,31
835,47
836,61
837,77
838,55
839,76
840,31
841,25
842,58
843,83
844,38
845,66
846,57
847,38
848,62
849,54
850,52
851,52
852,53
853,58
854,75
855,2
856,38
857,96
858,42
859,62
860,58
861,42
862,42
863,45
864,58
865,11
866,57
867,67
868,68
869,57
870,65
871,104
872,33
873,42
874,33
875,27
876,80
877,68
878,33
879,21
880,32
881,46
882,35
883,31
884,47
885,28
886,14
887,68
888,54
889,14
890,33
891,28
892,50
893,46
894,2
895,57
896,35
897,48
898,42
899,98
900,77
901,52
902,31
903,60
904,42
905,62
906,44
907,51
908,42
909,34
910,34
911,78
912,14
913,73
914,67
915,21
916,30
917,42
918,68
919,55
920,8
921,53
922,77
923,57
924,10
925,58
926,47
927,42
928,24
929,43
930,38
931,2
932,61
933,51
934,74
935,64
936,40
937,73
938,35
939,46
940,44
941,24
942,85
943,68
944,29
945,84
946,23
947,30
948,40
949,46
950,45
951,48
952,34
953,32
954,49
955,36
956,64
957,30
958,87
959,29
960,36
961,76
962,50
963,38
964,16
965,55
966,51
967,51
968,33
969,49
970,85
971,42
972,37
973,40
974,57
975,13
976,50
977,20
978,44
979,31
980,55
981,40
982,37
983,34
984,47
985,49
986,70
987,34
988,76
989,58
990,28
991,56
992,40
993,61
994,105
995,56
996,85
997,40
998,24
999,29
1000,41
1001,45
1002,79
1003,50
1004,35
1005,66
1006,20
1007,45
1008,57
1009,75
1010,40
1011,66
1012,84
1013,80
1014,70
1015,51
1016,16
1017,45
1018,55
1019,56
1020,40
1021,71
1022,31
1023,28
1024,47
1025,49
1026,34
1027,59
1028,59
1029,34
1030,73
1031,34
1032,35
1033,63
1034,42
1035,51
1036,43
1037,78
1038,56
1039,54
1040,22
1041,35
1042,61
1043,52
1044,57
1045,29
1046,61
1047,48
1048,91
1049,24
1050,79
1051,82
1052,45
1053,51
1054,71
1055,54
1056,44
1057,63
1058,53
1059,62
1060,81
1061,75
1062,88
1063,58
1064,66
1065,45
1066,87
1067,26
1068,55
1069,69
1070,61
1071,81
1072,59
1073,34
1074,65
1075,28
1076,37
1077,19
1078,56
1079,61
1080,64
1081,49
1082,38
1083,7
1084,59
1085,43
1086,59
1087,20
1088,54
1089,47
1090,54
1091,61
1092,53
1093,49
1094,81
1095,49
1096,78
1097,34
1098,22
1099,59
1100,47
1101,43
1102,80
1103,44
1104,65
1105,81
1106,24
1107,57
1108,80
1109,47
1110,2
1111,54
1112,28
1113,72
1114,60
1115,29
1116,65
1117,63
1118,19
1119,48
1120,61
1121,55
1122,33
1123,47
1124,56
1125,43
1126,39
1127,37
1128,56
1129,38
1130,40
1131,42
1132,89
1133,53
1134,47
1135,51
1136,56
1137,33
1138,76
1139,50
1140,61
1141,50
1142,64
1143,62
1144,65
1145,34
1146,72
1147,37
1148,53
1149,14
1150,41
1151,55
1152,59
1153,67
1154,57
1155,45
1156,109
1157,30
1158,52
1159,46
1160,47
1161,19
1162,27
1163,17
1164,40
1165,34
1166,61
1167,87
1168,69
1169,45
1170,36
1171,36
1172,54
1173,47
1174,48
1175,2
1176,74
1177,79
1178,46
1179,61
1180,83
1181,47
1182,52
1183,44
1184,27
1185,29
1186,75
1187,51
1188,25
1189,57
1190,46
1191,49
1192,46
1193,70
1194,67
1195,22
1196,18
1197,43
1198,48
1199,89
1200,29
1201,33
1202,39
1203,18
1204,27
1205,55
1206,41
1207,59
1208,78
1209,52
1210,57
1211,19
1212,48
1213,47
1214,51
1215,62
1216,75
1217,39
1218,64
1219,72
1220,41
1221,37
1222,57
1223,83
1224,69
1225,52
1226,79
1227,19
1228,60
1229,60
1230,52
1231,44
1232,27
1233,82
1234,54
1235,89
1236,50
1237,39
1238,35
1239,37
1240,41
1241,64
1242,34
1243,69
1244,85
1245,56
1246,61
1247,26
1248,80
1249,71
1250,67
1251,7
1252,77
1253,58
1254,59
1255,16
1256,60
1257,47
1258,40
1259,49
1260,68
1261,53
1262,25
1263,41
1264,42
1265,43
1266,36
1267,43
1268,38
1269,40
1270,67
1271,71
1272,49
1273,80
1274,59
1275,62
1276,62
1277,61
1278,64
1279,40
1280,36
1281,64
1282,80
1283,48
1284,33
1285,6
1286,45
1287,52
1288,19
1289,46
1290,50
1291,33
1292,13
1293,60
1294,52
1295,38
1296,44
1297,69
1298,41
1299,62
1300,17
1301,40
1302,35
1303,66
1304,50
1305,35
1306,44
1307,41
1308,87
1309,30
1310,73
1311,41
1312,50
1313,55
1314,65
1315,57
1316,48
1317,19
1318,35
1319,29
1320,14
1321,65
1322,53
1323,67
1324,35
1325,57
1326,41
1327,67
1328,34
1329,10
1330,41
1331,65
1332,46
1333,29
1334,66
1335,48
1336,61
1337,38
1338,28
1339,110
1340,95
1341,51
1342,77
1343,45
1344,58
1345,40
1346,34
1347,73
1348,78
1349,43
1350,46
1351,64
1352,54
1353,39
1354,69
1355,57
1356,24
1357,25
1358,42
1359,46
1360,49
1361,44
1362,61
1363,33
1364,59
1365,54
1366,56
1367,59
1368,83
1369,29
1370,65
1371,57
1372,32
1373,49
1374,56
1375,69
1376,60
1377,55
1378,78
1379,59
1380,45
1381,94
1382,51
1383,24
1384,35
1385,11
1386,42
1387,36
1388,48
1389,21
1390,28
1391,37
1392,25
1393,38
1394,77
1395,39
1396,27
1397,46
1398,69
1399,90
1400,35
1401,38
1402,34
1403,81
1404,54
1405,73
1406,45
1407,44
1408,74
1409,85
1410,42
1411,76
1412,69
1413,49
1414,19
1415,73
1416,21
1417,81
1418,56
1419,23
1420,41
1421,38
1422,83
1423,42
1424,8
1425,64
1426,6
1427,63
1428,44
1429,44
1430,38
1431,23
1432,71
1433,60
1434,47
1435,28
1436,34
1437,53
1438,48
1439,50
1440,57
1441,71
1442,51
1443,72
1444,66
1445,66
1446,47
1447,83
1448,54
1449,55
1450,34
1451,73
1452,110
1453,31
1454,63
1455,41
1456,82
1457,27
1458,67
1459,56
1460,26
1461,39
1462,42
1463,27
1464,51
1465,59
1466,37
1467,28
1468,36
1469,47
1470,31
1471,51
1472,54
1473,28
1474,44
1475,65
1476,56
1477,10
1478,53
1479,16
1480,84
1481,46
1482,41
1483,31
1484,16
1485,55
1486,94
1487,53
1488,35
1489,39
1490,67
1491,11
1492,60
1493,72
1494,31
1495,67
1496,55
1497,47
1498,32
1499,13
1500,64
1501,79
1502,68
1503,13
1504,38
1505,81
1506,45
1507,52
1508,88
1509,72
1510,47
1511,47
1512,75
1513,40
1514,84
1515,101
1516,28
1517,63
1518,56
1519,66
1520,59
1521,78
1522,30
1523,59
1524,41
1525,31
1526,16
1527,26
1528,37
1529,60
1530,85
1531,49
1532,38
1533,50
1534,71
1535,47
1536,43
1537,28
1538,20
1539,37
1540,31
1541,64
1542,54
1543,2
1544,61
1545,67
1546,53
1547,70
1548,65
1549,36
1550,57
1551,82
1552,25
1553,74
1554,74
1555,52
1556,46
1557,54
1558,40
1559,46
1560,34
1561,78
1562,64
1563,69
1564,51
1565,74
1566,25
1567,46
1568,87
1569,57
1570,34
1571,36
1572,70
1573,51
1574,58
1575,65
1576,29
1577,13
1578,26
1579,91
1580,48
1581,33
1582,49
1583,86
1584,38
1585,60
1586,38
1587,35
1588,40
1589,21
1590,3
1591,55
1592,73
1593,25
1594,22
1595,52
1596,89
1597,73
1598,51
1599,37
1600,40
1601,45
1602,57
1603,77
1604,44
1605,59
1606,54
1607,56
1608,60
1609,36
1610,69
1611,50
1612,82
1613,55
1614,39
1615,49
1616,41
1617,80
1618,50
1619,39
1620,68
1621,81
1622,21
1623,38
1624,50
1625,40
1626,47
1627,11
1628,27
1629,84
1630,44
1631,51
1632,65
1633,84
1634,59
1635,75
1636,26
1637,47
1638,37
1639,73
1640,10
1641,55
1642,61
1643,39
1644,62
1645,73
1646,46
1647,56
1648,48
1649,50
1650,64
1651,19
1652,73
1653,22
1654,79
1655,48
1656,92
1657,47
1658,24
1659,40
1660,64
1661,40
1662,56
1663,73
1664,49
1665,71
1666,40
1667,34
1668,55
1669,27
1670,6
1671,59
1672,38
1673,57
1674,31
1675,84
1676,48
1677,35
1678,39
1679,55
1680,41
1681,40
1682,44
1683,31
1684,20
1685,32
1686,41
1687,91
1688,68
1689,15
1690,52
1691,60
1692,52
1693,69
1694,44
1695,51
1696,44
1697,62
1698,32
1699,39
1700,83
1701,47
1702,67
1703,24
1704,58
1705,67
1706,93
1707,51
1708,57
1709,36
1710,49
1711,58
1712,86
1713,46
1714,74
1715,60
1716,63
1717,57
1718,67
1719,68
1720,30
1721,65
1722,50
1723,2
1724,40
1725,40
1726,63
1727,57
1728,57
1729,62
1730,19
1731,66
1732,71
1733,45
1734,58
1735,81
1736,64
1737,83
1738,79
1739,81
1740,49
1741,42
1742,61
1743,34
1744,65
1745,58
1746,39
1747,49
1748,66
1749,2
1750,44
1751,99
1752,40
1753,74
1754,27
1755,72
1756,52
1757,63
1758,64
1759,29
1760,57
1761,71
1762,48
1763,47
1764,47
1765,52
1766,64
1767,39
1768,10
1769,56
1770,61
1771,55
1772,74
1773,81
1774,47
1775,76
1776,54
1777,60
1778,57
1779,7
1780,71
1781,38
1782,28
1783,43
1784,44
1785,52
1786,36
1787,67
1788,66
1789,68
1790,89
1791,48
1792,69
1793,37
1794,54
1795,15
1796,26
1797,42
1798,81
1799,88
1800,58
1801,37
1802,88
1803,53
1804,48
1805,50
1806,43
1807,41
1808,31
1809,41
1810,67
1811,37
1812,45
1813,28
1814,53
1815,45
1816,58
1817,78
1818,83
1819,52
1820,82
1821,58
1822,60
1823,50
1824,53
1825,48
1826,57
1827,8
1828,92
1829,45
1830,95
1831,36
1832,50
1833,80
1834,46
1835,51
1836,58
1837,57
1838,22
1839,55
1840,26
1841,91
1842,39
1843,42
1844,43
1845,52
1846,46
1847,39
1848,65
1849,18
1850,2
1851,38
1852,51
1853,49
1854,13
1855,35
1856,24
1857,67
1858,43
1859,74
1860,19
1861,49
1862,58
1863,54
1864,69
1865,49
1866,44
1867,63
1868,48
1869,69
1870,46
1871,44
1872,78
1873,51
1874,74
1875,25
1876,2
1877,2
1878,54
1879,68
1880,27
1881,54
1882,36
1883,58
1884,60
1885,70
1886,72
1887,14
1888,19
1889,37
1890,63
1891,24
1892,93
1893,93
1894,26
1895,61
1896,44
1897,95
1898,44
1899,33
1900,50
1901,42
1902,39
1903,28
1904,46
1905,25
1906,42
1907,29
1908,61
1909,2
1910,38
1911,49
1912,48
1913,50
1914,37
1915,40
1916,51
1917,69
1918,41
1919,38
1920,7
1921,42
1922,43
1923,81
1924,53
1925,50
1926,62
1927,66
1928,9
1929,23
1930,52
1931,36
1932,59
1933,65
1934,36
1935,57
1936,14
1937,57
1938,27
1939,28
1940,85
1941,45
1942,80
1943,54
1944,67
1945,35
1946,2
1947,55
1948,25
1949,63
1950,52
1951,24
1952,75
1953,52
1954,76
1955,95
1956,53
1957,44
1958,54
1959,42
1960,35
1961,47
1962,54
1963,79
1964,73
1965,46
1966,22
1967,35
1968,35
1969,20
1970,60
1971,56
1972,71
1973,35
1974,56
1975,19
1976,52
1977,57
1978,44
1979,47
1980,59
1981,41
1982,11
1983,28
1984,46
1985,79
1986,27
1987,41
1988,32
1989,26
1990,60
1991,45
1992,64
1993,32
1994,23
1995,41
1996,59
1997,47
1998,65
1999,40
2000,49
2001,12
2002,45
2003,76
2004,39
2005,38
2006,41
2007,65
2008,50
2009,57
2010,68
2011,55
2012,55
2013,72
2014,7
2015,54
2016,93
2017,29
2018,32
2019,74
2020,5
2021,55
2022,18
2023,25
2024,45
2025,20
2026,55
2027,69
2028,71
2029,68
2030,45
2031,27
2032,50
2033,42
2034,40
2035,64
2036,60
2037,18
2038,57
2039,105
2040,49
2041,74
2042,56
2043,83
2044,18
2045,69
2046,2
2047,12
2048,75
2049,47
2050,2
2051,68
2052,70
2053,38
2054,67
2055,47
2056,61
2057,56
2058,69
2059,42
2060,25
2061,62
2062,33
2063,35
2064,2
2065,56
2066,69
2067,8
2068,55
2069,22
2070,75
2071,32
2072,26
2073,48
2074,41
2075,27
2076,92
2077,40
2078,31
2079,27
2080,38
2081,23
2082,36
2083,74
2084,51
2085,70
2086,63
2087,50
2088,60
2089,59
2090,65
2091,64
2092,39
2093,47
2094,40
2095,31
2096,46
2097,70
2098,39
2099,65
2100,17
2101,17
2102,12
2103,56
2104,48
2105,11
2106,47
2107,31
2108,42
2109,75
2110,36
2111,60
2112,90
2113,56
2114,62
2115,47
2116,44
2117,20
2118,83
2119,50
2120,45
2121,69
2122,49
2123,23
2124,41
2125,25
2126,32
2127,53
2128,38
2129,41
2130,21
2131,72
2132,28
2133,26
2134,85
2135,47
2136,74
2137,82
2138,65
2139,50
2140,42
2141,34
2142,41
2143,57
2144,52
2145,47
2146,72
2147,53
2148,69
2149,50
2150,23
2151,49
2152,41
2153,67
2154,18
2155,66
2156,82
2157,20
2158,60
2159,41
2160,3
2161,17
2162,37
2163,28
2164,55
2165,65
2166,46
2167,47
2168,43
2169,54
2170,4
2171,55
2172,47
2173,79
2174,50
2175,29
2176,34
2177,46
2178,53
2179,53
2180,66
2181,29
2182,36
2183,57
2184,56
2185,34
2186,25
2187,73
2188,72
2189,78
2190,67
2191,32
2192,48
2193,95
2194,59
2195,45
2196,72
2197,40
2198,97
2199,79
2200,58
2201,74
2202,44
2203,36
2204,79
2205,59
2206,77
2207,16
2208,53
2209,56
2210,55
2211,75
2212,60
2213,67
2214,32
2215,53
2216,37
2217,74
2218,26
2219,43
2220,56
2221,26
2222,64
2223,56
2224,84
2225,36
2226,66
2227,57
2228,49
2229,71
2230,73
2231,66
2232,112
2233,44
2234,57
2235,58
2236,37
2237,38
2238,69
2239,58
2240,43
2241,50
2242,68
2243,63
2244,22
2245,90
2246,30
2247,37
2248,30
2249,20
2250,69
2251,62
2252,97
2253,29
2254,18
2255,48
2256,83
2257,17
2258,15
2259,50
2260,77
2261,63
2262,31
2263,24
2264,47
2265,42
2266,65
2267,68
2268,39
2269,29
2270,74
2271,83
2272,35
2273,63
2274,45
2275,19
2276,41
2277,56
2278,85
2279,32
2280,70
2281,28
2282,51
2283,32
2284,31
2285,40
2286,57
2287,62
2288,11
2289,56
2290,64
2291,65
2292,44
2293,46
2294,59
2295,24
2296,48
2297,60
2298,60
2299,32
2300,57
2301,52
2302,48
2303,33
2304,61
2305,20
2306,87
2307,68
2308,42
2309,59
2310,54
2311,97
2312,58
2313,19
2314,35
2315,77
2316,12
2317,40
2318,81
2319,48
2320,40
2321,30
2322,27
2323,66
2324,3
2325,60
2326,35
2327,48
2328,99
2329,54
2330,17
2331,31
2332,31
2333,53
2334,39
2335,36
2336,34
2337,42
2338,43
2339,34
2340,66
2341,29
2342,53
2343,9
2344,52
2345,58
2346,48
2347,62
2348,51
2349,48
2350,71
2351,54
2352,35
2353,42
2354,38
2355,78
2356,87
2357,56
2358,75
2359,49
2360,29
2361,34
2362,56
2363,79
2364,45
2365,67
2366,20
2367,65
2368,65
2369,40
2370,31
2371,55
2372,62
2373,41
2374,64
2375,50
2376,31
2377,57
2378,43
2379,70
2380,61
2381,54
2382,68
2383,49
2384,50
2385,22
2386,81
2387,41
2388,43
2389,40
2390,40
2391,60
2392,75
2393,61
2394,59
2395,44
2396,50
2397,67
2398,65
2399,61
2400,26
2401,50
2402,23
2403,17
2404,54
2405,59
2406,67
2407,61
2408,31
2409,34
2410,2
2411,40
2412,38
2413,22
2414,39
2415,35
2416,50
2417,40
2418,52
2419,78
2420,60
2421,85
2422,40
2423,25
2424,42
2425,33
2426,71
2427,26
2428,54
2429,85
2430,28
2431,43
2432,77
2433,49
2434,41
2435,67
2436,43
2437,63
2438,70
2439,42
2440,47
2441,70
2442,29
2443,75
2444,23
2445,84
2446,43
2447,58
2448,46
2449,12
2450,65
2451,78
2452,72
2453,83
2454,58
2455,37
2456,80
2457,30
2458,49
2459,6
2460,65
2461,36
2462,74
2463,16
2464,61
2465,65
2466,43
2467,48
2468,48
2469,83
2470,35
2471,52
2472,62
2473,53
2474,57
2475,55
2476,41
2477,26
2478,38
2479,12
2480,58
2481,60
2482,72
2483,65
2484,69
2485,50
2486,54
2487,55
2488,62
2489,37
2490,46
2491,49
2492,42
2493,23
2494,43
2495,61
2496,48
2497,56
2498,58
2499,67
2500,52
2501,34
2502,60
2503,42
2504,49
2505,89
2506,49
2507,33
2508,37
2509,42
2510,59
2511,50
2512,37
2513,66
2514,62
2515,51
2516,70
2517,5
2518,6
2519,40
2520,62
2521,73
2522,36
2523,41
2524,55
2525,22
2526,50
2527,62
2528,65
2529,61
2530,81
2531,52
2532,64
2533,61
2534,77
2535,54
2536,42
2537,70
2538,19
2539,2
2540,40
2541,44
2542,39
2543,27
2544,29
2545,25
2546,59
2547,50
2548,35
2549,44
2550,33
2551,30
2552,34
2553,27
2554,82
2555,99
2556,43
2557,42
2558,57
2559,77
2560,21
2561,40
2562,30
2563,60
2564,37
2565,65
2566,61
2567,43
2568,42
2569,43
2570,20
2571,65
2572,45
2573,65
2574,69
2575,47
2576,90
2577,54
2578,59
2579,31
2580,31
2581,46
2582,47
2583,41
2584,71
2585,29
2586,4
2587,34
2588,28
2589,56
2590,28
2591,36
2592,46
2593,32
2594,33
2595,51
2596,17
2597,53
2598,62
2599,45
2600,51
2601,33
2602,7
2603,52
2604,23
2605,21
2606,39
2607,31
2608,61
2609,30
2610,17
2611,33
2612,59
2613,50
2614,53
2615,71
2616,49
2617,45
2618,79
2619,55
2620,58
2621,45
2622,60
2623,48
2624,45
2625,50
2626,80
2627,61
2628,52
2629,18
2630,44
2631,33
2632,50
2633,29
2634,68
2635,47
2636,44
2637,90
2638,55
2639,72
2640,60
2641,63
2642,39
2643,66
2644,30
2645,65
2646,39
2647,22
2648,18
2649,50
2650,53
2651,52
2652,46
2653,94
2654,23
2655,81
2656,28
2657,57
2658,35
2659,55
2660,27
2661,49
2662,84
2663,47
2664,56
2665,67
2666,46
2667,50
2668,58
2669,50
2670,82
2671,61
2672,59
2673,79
2674,30
2675,70
2676,51
2677,18
2678,34
2679,58
2680,69
2681,55
2682,67
2683,61
2684,46
2685,86
2686,52
2687,29
2688,30
2689,55
2690,85
2691,51
2692,24
2693,54
2694,63
2695,49
2696,25
2697,37
2698,13
2699,13
2700,66
2701,41
2702,47
2703,57
2704,88
2705,47
2706,29
2707,55
2708,46
2709,36
2710,81
2711,68
2712,32
2713,71
2714,78
2715,39
2716,68
2717,57
2718,50
2719,68
2720,48
2721,75
2722,43
2723,78
2724,40
2725,47
2726,36
2727,18
2728,53
2729,49
2730,70
2731,24
2732,46
2733,75
2734,24
2735,43
2736,64
2737,84
2738,33
2739,52
2740,51
2741,49
2742,64
2743,59
2744,38
2745,44
2746,39
2747,67
2748,51
2749,57
2750,8
2751,38
2752,12
2753,51
2754,63
2755,44
2756,35
2757,51
2758,21
2759,42
2760,22
2761,17
2762,58
2763,35
2764,31
2765,51
2766,37
2767,58
2768,9
2769,47
2770,58
2771,37
2772,49
2773,23
2774,52
2775,88
2776,22
2777,88
2778,47
2779,96
2780,55
2781,63
2782,42
2783,57
2784,62
2785,51
2786,42
2787,76
2788,43
2789,50
2790,7
2791,19
2792,63
2793,49
2794,44
2795,26
2796,43
2797,49
2798,29
2799,73
2800,62
2801,42
2802,58
2803,61
2804,68
2805,50
2806,58
2807,30
2808,32
2809,76
2810,54
2811,51
2812,22
2813,82
2814,47
2815,55
2816,47
2817,27
2818,21
2819,53
2820,62
2821,81
2822,71
2823,49
2824,43
2825,57
2826,55
2827,79
2828,37
2829,57
2830,66
2831,41
2832,50
2833,61
2834,59
2835,72
2836,63
2837,85
2838,34
2839,67
2840,42
2841,3
2842,63
2843,56
2844,24
2845,14
2846,63
2847,53
2848,54
2849,46
2850,45
2851,15
2852,57
2853,61
2854,34
2855,61
2856,51
2857,45
2858,56
2859,55
2860,27
2861,43
2862,31
2863,45
2864,48
2865,49
2866,105
2867,40
2868,50
2869,14
2870,42
2871,74
2872,48
2873,15
2874,89
2875,69
2876,57
2877,88
2878,64
2879,46
2880,55
2881,16
2882,97
2883,65
2884,74
2885,34
2886,32
2887,36
2888,49
2889,48
2890,54
2891,90
2892,37
2893,26
2894,31
2895,80
2896,73
2897,31
2898,59
2899,74
2900,69
2901,26
2902,43
2903,60
2904,58
2905,66
2906,71
2907,22
2908,34
2909,21
2910,45
2911,41
2912,96
2913,30
2914,52
2915,41
2916,43
2917,28
2918,42
2919,76
2920,32
2921,53
2922,82
2923,32
2924,62
2925,23
2926,80
2927,58
2928,10
2929,64
2930,70
2931,58
2932,27
2933,65
2934,60
2935,50
2936,51
2937,27
2938,14
2939,81
2940,21
2941,57
2942,73
2943,70
2944,72
2945,37
2946,49
2947,71
2948,45
2949,76
2950,50
2951,77
2952,53
2953,59
2954,52
2955,57
2956,47
2957,51
2958,41
2959,25
2960,46
2961,82
2962,22
2963,78
2964,37
2965,62
2966,79
2967,57
2968,52
2969,28
2970,30
2971,60
2972,24
2973,84
2974,48
2975,84
2976,25
2977,33
2978,17
2979,57
2980,55
2981,48
2982,60
2983,20
2984,30
2985,54
2986,43
2987,34
2988,86
2989,32
2990,29
2991,67
2992,52
2993,70
2994,61
2995,23
2996,2
2997,28
2998,47
2999,14
3000,87
3001,32
3002,40
3003,29
3004,26
3005,25
3006,90
3007,39
3008,80
3009,57
3010,110
3011,43
3012,125
3013,43
3014,55
3015,51
3016,60
3017,50
3018,63
3019,43
3020,40
3021,54
3022,56
3023,30
3024,54
3025,59
3026,65
3027,59
3028,67
3029,37
3030,70
3031,43
3032,44
3033,51
3034,55
3035,44
3036,67
3037,67
3038,54
3039,59
3040,63
3041,50
3042,78
3043,58
3044,2
3045,51
3046,83
3047,49
3048,72
3049,45
3050,70
3051,65
3052,47
3053,56
3054,37
3055,38
3056,67
3057,61
3058,34
3059,82
3060,57
3061,45
3062,40
3063,80
3064,59
3065,47
3066,71
3067,34
3068,31
3069,56
3070,36
3071,74
3072,73
3073,50
3074,84
3075,50
3076,44
3077,46
3078,74
3079,49
3080,62
3081,39
3082,39
3083,44
3084,36
3085,47
3086,32
3087,36
3088,68
3089,21
3090,43
3091,40
3092,38
3093,90
3094,47
3095,49
3096,50
3097,46
3098,62
3099,40
3100,20
3101,88
3102,66
3103,61
3104,43
3105,61
3106,69
3107,59
3108,52
3109,67
3110,44
3111,28
3112,32
3113,37
3114,44
3115,46
3116,54
3117,45
3118,4
3119,62
3120,96
3121,69
3122,64
3123,30
3124,56
3125,62
3126,39
3127,16
3128,78
3129,63
3130,51
3131,55
3132,37
3133,12
3134,40
3135,72
3136,35
3137,21
3138,70
3139,43
3140,56
3141,86
3142,59
3143,9
3144,54
3145,49
3146,61
3147,83
3148,43
3149,59
3150,27
3151,60
3152,44
3153,79
3154,47
3155,61
3156,50
3157,15
3158,23
3159,41
3160,29
3161,31
3162,93
3163,75
3164,44
3165,81
3166,40
3167,37
3168,14
3169,54
3170,72
3171,22
3172,71
3173,51
3174,40
3175,54
3176,21
3177,31
3178,96
3179,59
3180,47
3181,53
3182,73
3183,31
3184,36
3185,42
3186,74
3187,55
3188,61
3189,41
3190,76
3191,41
3192,32
3193,40
3194,52
3195,64
3196,54
3197,31
3198,48
3199,74
3200,71
3201,36
3202,40
3203,54
3204,46
3205,71
3206,45
3207,40
3208,29
3209,43
3210,38
3211,64
3212,30
3213,25
3214,47
3215,35
3216,49
3217,31
3218,92
3219,56
3220,53
3221,22
3222,46
3223,62
3224,41
3225,39
3226,34
3227,40
3228,53
3229,47
3230,55
3231,28
3232,69
3233,45
3234,55
3235,76
3236,45
3237,60
3238,54
3239,45
3240,63
3241,68
3242,68
3243,45
3244,53
3245,55
3246,60
3247,27
3248,60
3249,46
3250,65
3251,40
3252,64
3253,36
3254,49
3255,54
3256,43
3257,45
3258,62
3259,94
3260,82
3261,54
3262,2
3263,84
3264,31
3265,74
3266,71
3267,21
3268,54
3269,55
3270,39
3271,25
3272,39
3273,2
3274,35
3275,41
3276,49
3277,31
3278,65
3279,46
3280,55
3281,26
3282,21
3283,67
3284,67
3285,42
3286,42
3287,52
3288,33
3289,57
3290,76
3291,47
3292,32
3293,34
3294,82
3295,77
3296,40
3297,36
3298,2
3299,60
3300,74
3301,24
3302,78
3303,23
3304,34
3305,63
3306,18
3307,89
3308,42
3309,47
3310,56
3311,57
3312,21
3313,39
3314,34
3315,52
3316,20
3317,59
3318,44
3319,38
3320,59
3321,23
3322,51
3323,63
3324,57
3325,87
3326,67
3327,52
3328,57
3329,59
3330,84
3331,49
3332,2
3333,25
3334,6
3335,66
3336,23
3337,18
3338,68
3339,49
3340,94
3341,77
3342,72
3343,43
3344,30
3345,34
3346,52
3347,36
3348,54
3349,56
3350,31
3351,74
3352,56
3353,17
3354,25
3355,15
3356,33
3357,38
3358,57
3359,29
3360,40
3361,45
3362,41
3363,70
3364,44
3365,54
3366,40
3367,71
3368,81
3369,38
3370,42
3371,92
3372,74
3373,20
3374,58
3375,55
3376,28
3377,36
3378,46
3379,59
3380,91
3381,81
3382,66
3383,48
3384,2
3385,47
3386,98
3387,92
3388,41
3389,76
3390,29
3391,41
3392,37
3393,47
3394,32
3395,43
3396,44
3397,41
3398,42
3399,23
3400,28
3401,75
3402,39
3403,33
3404,60
3405,52
3406,75
3407,37
3408,50
3409,43
3410,57
3411,56
3412,36
3413,24
3414,51
3415,54
3416,39
3417,43
3418,73
3419,49
3420,41
3421,56
3422,52
3423,78
3424,71
3425,33
3426,19
3427,76
3428,50
3429,60
3430,65
3431,35
3432,56
3433,10
3434,54
3435,16
3436,70
3437,53
3438,31
3439,39
3440,60
3441,26
3442,70
3443,34
3444,66
3445,54
3446,51
3447,51
3448,71
3449,43
3450,42
3451,72
3452,35
3453,58
3454,69
3455,21
3456,53
3457,63
3458,59
3459,28
3460,20
3461,79
3462,28
3463,53
3464,40
3465,46
3466,44
3467,48
3468,56
3469,35
3470,53
3471,71
3472,44
3473,49
3474,70
3475,79
3476,16
3477,60
3478,50
3479,35
3480,39
3481,77
3482,75
3483,34
3484,37
3485,40
3486,54
3487,30
3488,52
3489,52
3490,14
3491,65
3492,71
3493,45
3494,40
3495,42
3496,68
3497,61
3498,76
3499,38
3500,26
3501,53
3502,58
3503,2
3504,20
3505,76
3506,76
3507,68
3508,87
3509,44
3510,67
3511,86
3512,97
3513,30
3514,56
3515,39
3516,112
3517,57
3518,64
3519,66
3520,50
3521,24
3522,30
3523,57
3524,45
3525,50
3526,39
3527,49
3528,49
3529,59
3530,38
3531,85
3532,57
3533,44
3534,53
3535,43
3536,77
3537,40
3538,68
3539,61
3540,42
3541,40
3542,85
3543,57
3544,52
3545,53
3546,64
3547,81
3548,50
3549,56
3550,53
3551,69
3552,83
3553,44
3554,80
3555,58
3556,67
3557,54
3558,23
3559,17
3560,93
3561,68
3562,32
3563,60
3564,45
3565,38
3566,64
3567,42
3568,21
3569,95
3570,103
3571,30
3572,59
3573,81
3574,80
3575,35
3576,72
3577,41
3578,84
3579,76
3580,34
3581,5
3582,58
3583,43
3584,33
3585,61
3586,58
3587,49
3588,66
3589,61
3590,65
3591,34
3592,25
3593,49
3594,45
3595,43
3596,65
3597,51
3598,27
3599,27
3600,65
3601,58
3602,13
3603,27
3604,30
3605,38
3606,30
3607,58
3608,59
3609,55
3610,48
3611,57
3612,115
3613,55
3614,44
3615,54
3616,83
3617,63
3618,78
3619,34
3620,78
3621,54
3622,36
3623,59
3624,45
3625,74
3626,53
3627,62
3628,80
3629,61
3630,59
3631,77
3632,55
3633,46
3634,45
3635,48
3636,54
3637,47
3638,52
3639,49
3640,45
3641,20
3642,65
3643,55
3644,66
3645,51
3646,34
3647,74
3648,73
3649,18
3650,47
3651,49
3652,42
3653,54
3654,11
3655,17
3656,88
3657,35
3658,44
3659,27
3660,9
3661,43
3662,34
3663,76
3664,50
3665,36
3666,47
3667,55
3668,50
3669,41
3670,29
3671,25
3672,15
3673,2
3674,46
3675,18
3676,82
3677,62
3678,43
3679,24
3680,36
3681,40
3682,77
3683,46
3684,48
3685,48
3686,47
3687,23
3688,51
3689,6
3690,26
3691,51
3692,72
3693,40
3694,2
3695,54
3696,95
3697,26
3698,23
3699,32
3700,48
3701,48
3702,75
3703,58
3704,76
3705,13
3706,54
3707,44
3708,34
3709,73
3710,27
3711,31
3712,53
3713,40
3714,35
3715,42
3716,52
3717,32
3718,37
3719,32
3720,77
3721,7
3722,65
3723,92
3724,33
3725,32
3726,49
3727,52
3728,55
3729,33
3730,89
3731,51
3732,11
3733,51
3734,17
3735,49
3736,34
3737,64
3738,60
3739,54
3740,62
3741,80
3742,48
3743,89
3744,42
3745,58
3746,54
3747,15
3748,54
3749,63
3750,37
3751,4
3752,49
3753,57
3754,65
3755,52
3756,37
3757,61
3758,31
3759,44
3760,66
3761,55
3762,48
3763,77
3764,51
3765,17
3766,41
3767,61
3768,43
3769,51
3770,47
3771,70
3772,62
3773,34
3774,65
3775,39
3776,61
3777,64
3778,39
3779,55
3780,49
3781,72
3782,25
3783,58
3784,56
3785,63
3786,50
3787,52
3788,14
3789,22
3790,46
3791,30
3792,31
3793,48
3794,40
3795,36
3796,58
3797,61
3798,66
3799,34
3800,66
3801,52
3802,55
3803,44
3804,48
3805,33
3806,31
3807,26
3808,55
3809,13
3810,59
3811,44
3812,39
3813,68
3814,52
3815,39
3816,79
3817,61
3818,73
3819,3
3820,17
3821,41
3822,54
3823,49
3824,86
3825,27
3826,56
3827,59
3828,92
3829,30
3830,65
3831,73
3832,43
3833,37
3834,30
3835,12
3836,78
3837,93
3838,52
3839,59
3840,21
3841,7
3842,35
3843,30
3844,21
3845,22
3846,47
3847,48
3848,50
3849,67
3850,71
3851,50
3852,84
3853,40
3854,80
3855,33
3856,37
3857,61
3858,55
3859,13
3860,67
3861,92
3862,85
3863,40
3864,30
3865,11
3866,50
3867,29
3868,45
3869,10
3870,60
3871,58
3872,89
3873,25
3874,57
3875,36
3876,76
3877,49
3878,39
3879,49
3880,37
3881,39
3882,72
3883,96
3884,73
3885,109
3886,71
3887,70
3888,62
3889,24
3890,24
3891,17
3892,50
3893,75
3894,26
3895,54
3896,51
3897,48
3898,42
3899,62
3900,62
3901,89
3902,19
3903,40
3904,29
3905,66
3906,75
3907,49
3908,37
3909,40
3910,35
3911,22
3912,26
3913,57
3914,22
3915,45
3916,61
3917,30
3918,24
3919,50
3920,31
3921,44
3922,50
3923,32
3924,20
3925,61
3926,53
3927,78
3928,57
3929,104
3930,50
3931,45
3932,21
3933,63
3934,23
3935,56
3936,64
3937,82
3938,51
3939,76
3940,64
3941,64
3942,45
3943,32
3944,80
3945,61
3946,56
3947,74
3948,36
3949,37
3950,11
3951,26
3952,35
3953,62
3954,55
3955,52
3956,31
3957,64
3958,64
3959,49
3960,64
3961,10
3962,9
3963,43
3964,42
3965,52
3966,39
3967,39
3968,27
3969,52
3970,44
3971,74
3972,55
3973,34
3974,44
3975,28
3976,52
3977,62
3978,60
3979,63
3980,61
3981,21
3982,63
3983,47
3984,34
3985,48
3986,49
3987,38
3988,24
3989,52
3990,47
3991,74
3992,30
3993,56
3994,84
3995,67
3996,88
3997,60
3998,84
3999,78
4000,40
4001,31
4002,42
4003,40
4004,73
4005,74
4006,58
4007,47
4008,43
4009,42
4010,41
4011,6
4012,41
4013,51
4014,58
4015,68
4016,73
4017,27
4018,56
4019,64
4020,52
4021,103
4022,70
4023,41
4024,30
4025,45
4026,47
4027,65
4028,54
4029,48
4030,98
4031,62
4032,54
4033,63
4034,26
4035,81
4036,65
4037,55
4038,2
4039,36
4040,59
4041,80
4042,31
4043,71
4044,42
4045,49
4046,55
4047,44
4048,82
4049,27
4050,50
4051,47
4052,92
4053,24
4054,51
4055,50
4056,52
4057,59
4058,12
4059,32
4060,42
4061,43
4062,56
4063,67
4064,76
4065,77
4066,35
4067,52
4068,48
4069,41
4070,34
4071,49
4072,52
4073,39
4074,47
4075,86
4076,27
4077,52
4078,68
4079,43
4080,40
4081,23
4082,65
4083,55
4084,47
4085,32
4086,38
4087,31
4088,49
4089,46
4090,66
4091,38
4092,66
4093,58
4094,70
4095,113
4096,52
4097,28
4098,55
4099,60
4100,88
4101,50
4102,60
4103,43
4104,23
4105,72
4106,78
4107,41
4108,66
4109,44
4110,31
4111,20
4112,51
4113,14
4114,28
4115,78
4116,101
4117,57
4118,79
4119,59
4120,68
4121,64
4122,49
4123,70
4124,52
4125,25
4126,55
4127,30
4128,67
4129,49
4130,64
4131,24
4132,61
4133,97
4134,61
4135,47
4136,33
4137,56
4138,34
4139,15
4140,56
4141,64
4142,48
4143,44
4144,62
4145,2
4146,41
4147,28
4148,55
4149,29
4150,55
4151,42
4152,56
4153,57
4154,58
4155,37
4156,54
4157,44
4158,79
4159,37
4160,45
4161,31
4162,26
4163,53
4164,32
4165,51
4166,59
4167,75
4168,63
4169,36
4170,61
4171,38
4172,68
4173,55
4174,41
4175,50
4176,67
4177,33
4178,39
4179,81
4180,65
4181,67
4182,46
4183,39
4184,61
4185,58
4186,2
4187,66
4188,34
4189,52
4190,28
4191,13
4192,60
4193,56
4194,48
4195,28
4196,61
4197,49
4198,36
4199,47
4200,66
4201,49
4202,24
4203,33
4204,78
4205,14
4206,23
4207,41
4208,25
4209,96
4210,69
4211,40
4212,35
4213,15
4214,39
4215,87
4216,40
4217,75
4218,74
4219,7
4220,82
4221,62
4222,50
4223,44
4224,77
4225,62
4226,36
4227,50
4228,34
4229,25
4230,27
4231,67
4232,34
4233,47
4234,29
4235,20
4236,39
4237,66
4238,35
4239,86
4240,37
4241,52
4242,32
4243,59
4244,43
4245,62
4246,41
4247,100
4248,56
4249,63
4250,39
4251,63
4252,38
4253,91
4254,36
4255,31
4256,13
4257,77
4258,51
4259,83
4260,38
4261,11
4262,74
4263,33
4264,62
4265,39
4266,58
4267,73
4268,46
4269,28
4270,48
4271,53
4272,61
4273,31
4274,49
4275,68
4276,45
4277,63
4278,31
4279,27
4280,60
4281,58
4282,22
4283,54
4284,15
4285,46
4286,53
4287,54
4288,66
4289,35
4290,46
4291,56
4292,59
4293,27
4294,46
4295,27
4296,52
4297,76
4298,36
4299,42
4300,6
4301,16
4302,54
4303,52
4304,54
4305,47
4306,36
4307,50
4308,25
4309,37
4310,45
4311,46
4312,28
4313,48
4314,46
4315,13
4316,38
4317,13
4318,10
4319,12
4320,53
4321,37
4322,23
4323,42
4324,41
4325,63
4326,25
4327,93
4328,63
4329,46
4330,36
4331,43
4332,36
4333,40
4334,68
4335,61
4336,51
4337,34
4338,41
4339,41
4340,35
4341,44
4342,37
4343,74
4344,33
4345,58
4346,37
4347,45
4348,18
4349,49
4350,26
4351,50
4352,73
4353,42
4354,63
4355,60
4356,71
4357,71
4358,46
4359,38
4360,47
4361,60
4362,20
4363,12
4364,96
4365,32
4366,51
4367,75
4368,43
4369,46
4370,76
4371,44
4372,41
4373,84
4374,34
4375,61
4376,72
4377,58
4378,34
4379,48
4380,52
4381,56
4382,50
4383,44
4384,61
4385,37
4386,37
4387,49
4388,51
4389,61
4390,51
4391,10
4392,69
4393,41
4394,86
4395,54
4396,40
4397,77
4398,58
4399,57
4400,60
4401,74
4402,49
4403,54
4404,61
4405,28
4406,33
4407,36
4408,32
4409,61
4410,54
4411,44
4412,67
4413,42
4414,33
4415,10
4416,63
4417,85
4418,37
4419,19
4420,36
4421,65
4422,54
4423,46
4424,63
4425,59
4426,80
4427,63
4428,44
4429,34
4430,32
4431,21
4432,26
4433,22
4434,65
4435,34
4436,51
4437,47
4438,25
4439,56
4440,29
4441,10
4442,37
4443,43
4444,43
4445,32
4446,60
4447,27
4448,27
4449,33
4450,76
4451,76
4452,42
4453,30
4454,59
4455,66
4456,58
4457,41
4458,52
4459,51
4460,56
4461,45
4462,70
4463,40
4464,40
4465,24
4466,17
4467,30
4468,38
4469,46
4470,55
4471,76
4472,33
4473,80
4474,41
4475,38
4476,68
4477,14
4478,41
4479,41
4480,52
4481,38
4482,41
4483,42
4484,2
4485,56
4486,51
4487,28
4488,29
4489,17
4490,45
4491,67
4492,65
4493,49
4494,65
4495,53
4496,66
4497,68
4498,22
4499,2
4500,67
4501,49
4502,32
4503,74
4504,61
4505,46
4506,32
4507,38
4508,2
4509,41
4510,25
4511,2
4512,40
4513,44
4514,64
4515,55
4516,82
4517,46
4518,40
4519,88
4520,66
4521,24
4522,31
4523,32
4524,66
4525,37
4526,48
4527,25
4528,34
4529,45
4530,33
4531,41
4532,8
4533,59
4534,37
4535,56
4536,50
4537,88
4538,44
4539,49
4540,61
4541,17
4542,69
4543,49
4544,58
4545,73
4546,60
4547,76
4548,69
4549,36
4550,64
4551,67
4552,59
4553,25
4554,50
4555,9
4556,2
4557,38
4558,58
4559,44
4560,83
4561,58
4562,51
4563,9
4564,77
4565,26
4566,55
4567,69
4568,70
4569,35
4570,17
4571,48
4572,23
4573,28
4574,50
4575,41
4576,58
4577,42
4578,53
4579,34
4580,61
4581,65
4582,60
4583,48
4584,42
4585,57
4586,46
4587,51
4588,26
4589,34
4590,73
4591,62
4592,74
4593,65
4594,72
4595,33
4596,68
4597,33
4598,38
4599,44
4600,27
4601,39
4602,76
4603,48
4604,54
4605,27
4606,29
4607,55
4608,33
4609,20
4610,69
4611,66
4612,44
4613,84
4614,58
4615,58
4616,19
4617,57
4618,52
4619,53
4620,7
4621,54
4622,65
4623,56
4624,81
4625,35
4626,48
4627,52
4628,56
4629,25
4630,45
4631,64
4632,49
4633,47
4634,42
4635,46
4636,56
4637,53
4638,27
4639,69
4640,35
4641,87
4642,27
4643,44
4644,30
4645,55
4646,42
4647,61
4648,71
4649,41
4650,54
4651,26
4652,67
4653,38
4654,72
4655,48
4656,80
4657,13
4658,50
4659,87
4660,57
4661,74
4662,46
4663,43
4664,62
4665,62
4666,56
4667,25
4668,69
4669,30
4670,82
4671,45
4672,35
4673,61
4674,57
4675,69
4676,32
4677,35
4678,45
4679,25
4680,49
4681,65
4682,55
4683,51
4684,74
4685,56
4686,35
4687,30
4688,32
4689,51
4690,44
4691,72
4692,83
4693,55
4694,66
4695,8
4696,32
4697,48
4698,24
4699,55
4700,64
4701,33
4702,64
4703,58
4704,110
4705,37
4706,73
4707,36
4708,66
4709,19
4710,43
4711,74
4712,27
4713,51
4714,37
4715,50
4716,43
4717,61
4718,38
4719,29
4720,59
4721,55
4722,42
4723,47
4724,54
4725,45
4726,55
4727,56
4728,49
4729,37
4730,49
4731,59
4732,36
4733,52
4734,64
4735,20
4736,74
4737,42
4738,22
4739,28
4740,69
4741,2
4742,53
4743,50
4744,47
4745,48
4746,43
4747,67
4748,33
4749,37
4750,68
4751,40
4752,23
4753,42
4754,36
4755,33
4756,29
4757,46
4758,58
4759,44
4760,37
4761,51
4762,52
4763,65
4764,26
4765,42
4766,51
4767,39
4768,85
4769,74
4770,58
4771,54
4772,23
4773,57
4774,44
4775,60
4776,40
4777,46
4778,70
4779,33
4780,49
4781,82
4782,73
4783,12
4784,46
4785,55
4786,56
4787,50
4788,66
4789,51
4790,34
4791,85
4792,16
4793,54
4794,28
4795,39
4796,42
4797,72
4798,58
4799,37
4800,63
4801,47
4802,48
4803,2
4804,101
4805,73
4806,37
4807,47
4808,37
4809,67
4810,53
4811,48
4812,11
4813,14
4814,47
4815,80
4816,60
4817,55
4818,56
4819,67
4820,43
4821,65
4822,58
4823,58
4824,43
4825,41
4826,38
4827,77
4828,64
4829,54
4830,76
4831,50
4832,31
4833,30
4834,87
4835,33
4836,49
4837,45
4838,46
4839,65
4840,81
4841,48
4842,43
4843,58
4844,37
4845,17
4846,47
4847,9
4848,49
4849,33
4850,39
4851,55
4852,45
4853,20
4854,32
4855,55
4856,51
4857,61
4858,61
4859,55
4860,35
4861,42
4862,26
4863,57
4864,67
4865,84
4866,68
4867,47
4868,46
4869,49
4870,28
4871,63
4872,100
4873,32
4874,78
4875,66
4876,56
4877,26
4878,24
4879,82
4880,63
4881,58
4882,71
4883,44
4884,90
4885,39
4886,68
4887,43
4888,62
4889,27
4890,27
4891,72
4892,41
4893,60
4894,62
4895,29
4896,45
4897,16
4898,68
4899,64
4900,66
4901,53
4902,80
4903,38
4904,2
4905,31
4906,32
4907,95
4908,58
4909,29
4910,25
4911,64
4912,72
4913,64
4914,61
4915,54
4916,71
4917,44
4918,68
4919,64
4920,40
4921,57
4922,89
4923,38
4924,37
4925,40
4926,53
4927,48
4928,57
4929,50
4930,63
4931,31
4932,73
4933,46
4934,77
4935,50
4936,30
4937,37
4938,50
4939,40
4940,87
4941,59
4942,54
4943,15
4944,59
4945,72
4946,45
4947,51
4948,70
4949,32
4950,62
4951,32
4952,34
4953,50
4954,70
4955,48
4956,86
4957,30
4958,33
4959,23
4960,38
4961,58
4962,27
4963,37
4964,21
4965,67
4966,94
4967,67
4968,35
4969,33
4970,59
4971,44
4972,51
4973,66
4974,87
4975,39
4976,49
4977,36
4978,55
4979,41
4980,41
4981,23
4982,31
4983,74
4984,18
4985,91
4986,32
4987,44
4988,30
4989,38
4990,65
4991,41
4992,79
4993,53
4994,58
4995,38
4996,31
4997,63
4998,30
4999,36
5000,47
5001,48
5002,56
5003,39
5004,13
5005,36
5006,41
5007,77
5008,71
5009,43
5010,80
5011,2
5012,38
5013,52
5014,43
5015,22
5016,44
5017,33
5018,16
5019,67
5020,48
5021,64
5022,45
5023,37
5024,80
5025,39
5026,28
5027,36
5028,63
5029,90
5030,50
5031,17
5032,23
5033,82
5034,86
5035,66
5036,45
5037,27
5038,52
5039,38
5040,21
5041,56
5042,65
5043,94
5044,46
5045,31
5046,46
5047,53
5048,25
5049,56
5050,32
5051,54
5052,39
5053,21
5054,41
5055,70
5056,35
5057,66
5058,81
5059,53
5060,96
5061,52
5062,88
5063,43
5064,64
5065,27
5066,39
5067,45
5068,53
5069,42
5070,51
5071,49
5072,78
5073,14
5074,29
5075,26
5076,33
5077,38
5078,37
5079,67
5080,50
5081,69
5082,61
5083,57
5084,73
5085,53
5086,47
5087,53
5088,71
5089,49
5090,56
5091,42
5092,54
5093,44
5094,45
5095,55
5096,29
5097,69
5098,21
5099,61
5100,60
5101,76
5102,55
5103,35
5104,53
5105,55
5106,38
5107,50
5108,42
5109,52
5110,37
5111,78
5112,52
5113,44
5114,70
5115,51
5116,86
5117,88
5118,42
5119,72
5120,80
5121,52
5122,31
5123,29
5124,26
5125,25
5126,16
5127,47
5128,55
5129,43
5130,62
5131,54
5132,62
5133,66
5134,75
5135,28
5136,85
5137,89
5138,55
5139,38
5140,2
5141,34
5142,43
5143,53
5144,52
5145,69
5146,79
5147,59
5148,57
5149,39
5150,38
5151,34
5152,23
5153,69
5154,75
5155,52
5156,32
5157,43
5158,43
5159,67
5160,30
5161,64
5162,46
5163,57
5164,36
5165,10
5166,62
5167,71
5168,37
5169,65
5170,17
5171,41
5172,21
5173,59
5174,19
5175,59
5176,59
5177,24
5178,66
5179,42
5180,38
5181,49
5182,73
5183,31
5184,72
5185,40
5186,11
5187,49
5188,68
5189,53
5190,56
5191,53
5192,73
5193,36
5194,48
5195,28
5196,5
5197,17
5198,25
5199,60
5200,47
5201,62
5202,49
5203,73
5204,40
5205,59
5206,64
5207,31
5208,69
5209,45
5210,24
5211,56
5212,33
5213,43
5214,93
5215,21
5216,36
5217,68
5218,60
5219,48
5220,57
5221,75
5222,54
5223,60
5224,42
5225,15
5226,49
5227,40
5228,21
5229,41
5230,51
5231,74
5232,63
5233,45
5234,20
5235,50
5236,58
5237,62
5238,56
5239,31
5240,23
5241,46
5242,64
5243,41
5244,58
5245,22
5246,56
5247,61
5248,60
5249,71
5250,2
5251,56
5252,36
5253,6
5254,67
5255,46
5256,75
5257,45
5258,20
5259,61
5260,57
5261,43
5262,64
5263,35
5264,64
5265,47
5266,56
5267,36
5268,56
5269,50
5270,49
5271,42
5272,61
5273,16
5274,45
5275,35
5276,66
5277,59
5278,84
5279,74
5280,81
5281,69
5282,59
5283,57
5284,30
5285,59
5286,30
5287,85
5288,39
5289,40
5290,40
5291,54
5292,30
5293,104
5294,34
5295,60
5296,63
5297,94
5298,41
5299,65
5300,28
5301,44
5302,65
5303,2
5304,40
5305,53
5306,67
5307,20
5308,39
5309,64
5310,37
5311,44
5312,41
5313,76
5314,59
5315,46
5316,20
5317,46
5318,67
5319,37
5320,46
5321,21
5322,22
5323,52
5324,62
5325,27
5326,27
5327,71
5328,45
5329,50
5330,36
5331,74
5332,47
5333,39
5334,24
5335,57
5336,53
5337,33
5338,60
5339,20
5340,73
5341,66
5342,50
5343,31
5344,67
5345,38
5346,57
5347,19
5348,49
5349,56
5350,43
5351,64
5352,73
5353,13
5354,39
5355,48
5356,66
5357,37
5358,44
5359,44
5360,52
5361,54
5362,48
5363,25
5364,74
5365,62
5366,51
5367,51
5368,35
5369,52
5370,42
5371,23
5372,43
5373,68
5374,58
5375,58
5376,89
5377,83
5378,66
5379,91
5380,45
5381,20
5382,57
5383,78
5384,25
5385,68
5386,30
5387,28
5388,29
5389,44
5390,2
5391,55
5392,76
5393,47
5394,102
5395,81
5396,22
5397,93
5398,57
5399,27
5400,64
5401,24
5402,37
5403,92
5404,25
5405,105
5406,27
5407,57
5408,59
5409,14
5410,26
5411,105
5412,47
5413,43
5414,44
5415,74
5416,62
5417,55
5418,12
5419,99
5420,52
5421,67
5422,49
5423,92
5424,31
5425,35
5426,52
5427,24
5428,40
5429,27
5430,66
5431,57
5432,50
5433,35
5434,63
5435,58
5436,30
5437,54
5438,56
5439,72
5440,24
5441,48
5442,36
5443,40
5444,11
5445,69
5446,41
5447,80
5448,22
5449,78
5450,21
5451,34
5452,33
5453,36
5454,76
5455,52
5456,30
5457,46
5458,67
5459,52
5460,50
5461,48
5462,45
5463,24
5464,33
5465,43
5466,53
5467,36
5468,53
5469,62
5470,64
5471,58
5472,50
5473,23
5474,65
5475,79
5476,55
5477,49
5478,36
5479,53
5480,76
5481,37
5482,65
5483,17
5484,32
5485,54
5486,36
5487,85
5488,45
5489,20
5490,64
5491,41
5492,68
5493,40
5494,48
5495,108
5496,72
5497,45
5498,54
5499,49
5500,2
5501,44
5502,60
5503,68
5504,54
5505,40
5506,49
5507,47
5508,60
5509,37
5510,49
5511,59
5512,51
5513,61
5514,42
5515,72
5516,62
5517,78
5518,19
5519,56
5520,25
5521,19
5522,96
5523,27
5524,64
5525,35
5526,46
5527,46
5528,22
5529,30
5530,50
5531,47
5532,53
5533,100
5534,16
5535,76
5536,35
5537,66
5538,75
5539,67
5540,2
5541,27
5542,26
5543,74
5544,71
5545,43
5546,52
5547,47
5548,24
5549,40
5550,29
5551,54
5552,22
5553,35
5554,2
5555,82
5556,69
5557,13
5558,45
5559,64
5560,58
5561,73
5562,56
5563,35
5564,42
5565,62
5566,54
5567,11
5568,33
5569,37
5570,72
5571,48
5572,68
5573,51
5574,65
5575,52
5576,25
5577,43
5578,63
5579,70
5580,65
5581,86
5582,23
5583,63
5584,48
5585,66
5586,60
5587,46
5588,17
5589,50
5590,21
5591,50
5592,77
5593,43
5594,62
5595,2
5596,36
5597,49
5598,30
5599,75
5600,7
5601,17
5602,88
5603,73
5604,53
5605,36
5606,34
5607,72
5608,45
5609,46
5610,88
5611,25
5612,26
5613,48
5614,9
5615,47
5616,83
5617,13
5618,8
5619,65
5620,82
5621,76
5622,23
5623,49
5624,33
5625,30
5626,32
5627,42
5628,72
5629,68
5630,69
5631,47
5632,10
5633,59
5634,39
5635,55
5636,70
5637,53
5638,43
5639,22
5640,29
5641,38
5642,27
5643,10
5644,47
5645,60
5646,9
5647,45
5648,33
5649,46
5650,86
5651,46
5652,47
5653,50
5654,23
5655,59
5656,52
5657,49
5658,50
5659,27
5660,32
5661,77
5662,53
5663,40
5664,20
5665,61
5666,9
5667,32
5668,78
5669,50
5670,41
5671,75
5672,33
5673,49
5674,73
5675,76
5676,67
5677,65
5678,85
5679,53
5680,69
5681,45
5682,54
5683,30
5684,47
5685,25
5686,80
5687,43
5688,70
5689,61
5690,65
5691,36
5692,32
5693,30
5694,48
5695,72
5696,57
5697,54
5698,58
5699,75
5700,80
5701,67
5702,36
5703,55
5704,25
5705,18
5706,28
5707,61
5708,25
5709,8
5710,2
5711,90
5712,51
5713,35
5714,22
5715,31
5716,42
5717,70
5718,58
5719,63
5720,28
5721,20
5722,43
5723,59
5724,65
5725,48
5726,62
5727,57
5728,49
5729,55
5730,54
5731,35
5732,82
5733,50
5734,24
5735,34
5736,48
5737,54
5738,34
5739,74
5740,78
5741,67
5742,53
5743,50
5744,41
5745,40
5746,66
5747,34
5748,58
5749,69
5750,48
5751,26
5752,28
5753,64
5754,61
5755,79
5756,68
5757,29
5758,25
5759,49
5760,49
5761,103
5762,37
5763,75
5764,25
5765,64
5766,56
5767,50
5768,33
5769,58
5770,38
5771,54
5772,84
5773,76
5774,77
5775,59
5776,53
5777,67
5778,2
5779,30
5780,46
5781,14
5782,47
5783,86
5784,43
5785,64
5786,25
5787,67
5788,52
5789,46
5790,25
5791,33
5792,26
5793,76
5794,75
5795,39
5796,62
5797,50
5798,60
5799,60
5800,64
5801,26
5802,93
5803,83
5804,51
5805,62
5806,65
5807,27
5808,59
5809,34
5810,38
5811,42
5812,64
5813,64
5814,95
5815,22
5816,66
5817,44
5818,32
5819,42
5820,63
5821,46
5822,54
5823,72
5824,14
5825,24
5826,57
5827,68
5828,43
5829,25
5830,64
5831,40
5832,37
5833,84
5834,52
5835,43
5836,31
5837,49
5838,70
5839,67
5840,32
5841,53
5842,76
5843,73
5844,60
5845,64
5846,73
5847,62
5848,78
5849,58
5850,55
5851,51
5852,43
5853,83
5854,28
5855,57
5856,67
5857,39
5858,23
5859,46
5860,64
5861,40
5862,73
5863,66
5864,72
5865,23
5866,40
5867,32
5868,39
5869,58
5870,53
5871,53
5872,71
5873,38
5874,51
5875,64
5876,50
5877,85
5878,71
5879,66
5880,13
5881,75
5882,66
5883,51
5884,60
5885,62
5886,48
5887,58
5888,57
5889,66
5890,65
5891,83
5892,61
5893,62
5894,46
5895,58
5896,60
5897,44
5898,28
5899,70
5900,55
5901,49
5902,83
5903,61
5904,62
5905,58
5906,52
5907,71
5908,54
5909,51
5910,106
5911,76
5912,56
5913,45
5914,79
5915,45
5916,106
5917,71
5918,27
5919,36
5920,57
5921,20
5922,59
5923,43
5924,63
5925,47
5926,18
5927,70
5928,78
5929,79
5930,89
5931,35
5932,87
5933,52
5934,25
5935,14
5936,36
5937,33
5938,35
5939,50
5940,21
5941,79
5942,67
5943,53
5944,24
5945,55
5946,29
5947,47
5948,47
5949,61
5950,68
5951,71
5952,49
5953,53
5954,12
5955,66
5956,74
5957,32
5958,65
5959,37
5960,39
5961,59
5962,41
5963,53
5964,35
5965,83
5966,51
5967,45
5968,63
5969,37
5970,67
5971,40
5972,78
5973,58
5974,76
5975,61
5976,31
5977,38
5978,54
5979,68
5980,62
5981,52
5982,70
5983,87
5984,69
5985,50
5986,58
5987,35
5988,40
5989,35
5990,54
5991,34
5992,46
5993,32
5994,39
5995,44
5996,52
5997,34
5998,80
5999,71
6000,2
6001,59
6002,65
6003,73
6004,16
6005,61
6006,44
6007,79
6008,28
6009,45
6010,38
6011,30
6012,40
6013,18
6014,18
6015,68
6016,64
6017,16
6018,76
6019,52
6020,47
6021,12
6022,69
6023,48
6024,30
6025,68
6026,33
6027,26
6028,62
6029,64
6030,53
6031,59
6032,60
6033,60
6034,37
6035,57
6036,57
6037,37
6038,71
6039,32
6040,46
6041,41
6042,42
6043,50
6044,91
6045,62
6046,75
6047,47
6048,50
6049,88
6050,31
6051,74
6052,51
6053,66
6054,71
6055,35
6056,24
6057,43
6058,91
6059,56
6060,51
6061,36
6062,59
6063,84
6064,62
6065,41
6066,22
6067,47
6068,18
6069,16
6070,77
6071,69
6072,30
6073,23
6074,41
6075,23
6076,13
6077,61
6078,45
6079,53
6080,47
6081,81
6082,49
6083,37
6084,30
6085,53
6086,47
6087,57
6088,19
6089,56
6090,52
6091,63
6092,68
6093,43
6094,59
6095,47
6096,44
6097,58
6098,40
6099,68
6100,77
6101,35
6102,67
6103,35
6104,40
6105,46
6106,77
6107,22
6108,18
6109,87
6110,73
6111,52
6112,56
6113,48
6114,79
6115,36
6116,80
6117,46
6118,34
6119,83
6120,65
6121,66
6122,17
6123,33
6124,50
6125,63
6126,26
6127,49
6128,56
6129,44
6130,43
6131,51
6132,36
6133,71
6134,50
6135,18
6136,10
6137,54
6138,66
6139,38
6140,14
6141,24
6142,11
6143,22
6144,9
6145,32
6146,89
6147,75
6148,48
6149,53
6150,80
6151,44
6152,31
6153,62
6154,68
6155,48
6156,37
6157,27
6158,25
6159,32
6160,43
6161,66
6162,80
6163,55
6164,88
6165,76
6166,53
6167,14
6168,38
6169,21
6170,68
6171,45
6172,6
6173,42
6174,41
6175,43
6176,33
6177,32
6178,46
6179,55
6180,36
6181,25
6182,58
6183,69
6184,57
6185,76
6186,50
6187,17
6188,36
6189,48
6190,48
6191,93
6192,43
6193,46
6194,26
6195,43
6196,59
6197,36
6198,69
6199,45
6200,53
6201,53
6202,45
6203,67
6204,48
6205,74
6206,58
6207,44
6208,49
6209,51
6210,83
6211,32
6212,39
6213,48
6214,33
6215,54
6216,63
6217,63
6218,38
6219,48
6220,58
6221,68
6222,25
6223,45
6224,42
6225,42
6226,41
6227,35
6228,49
6229,21
6230,49
6231,59
6232,89
6233,45
6234,62
6235,31
6236,17
6237,46
6238,76
6239,75
6240,84
6241,46
6242,35
6243,49
6244,85
6245,51
6246,27
6247,46
6248,33
6249,92
6250,47
6251,73
6252,42
6253,59
6254,55
6255,51
6256,36
6257,43
6258,49
6259,67
6260,70
6261,24
6262,44
6263,48
6264,71
6265,41
6266,45
6267,75
6268,57
6269,31
6270,46
6271,60
6272,41
6273,42
6274,72
6275,56
6276,48
6277,32
6278,65
6279,84
6280,37
6281,15
6282,81
6283,38
6284,31
6285,46
6286,33
6287,61
6288,55
6289,53
6290,36
6291,51
6292,47
6293,47
6294,70
6295,59
6296,25
6297,51
6298,36
6299,40
6300,38
6301,86
6302,69
6303,70
6304,71
6305,40
6306,29
6307,34
6308,50
6309,50
6310,35
6311,65
6312,45
6313,65
6314,35
6315,74
6316,8
6317,60
6318,48
6319,61
6320,59
6321,82
6322,73
6323,54
6324,32
6325,68
6326,47
6327,60
6328,47
6329,49
6330,88
6331,30
6332,49
6333,64
6334,31
6335,49
6336,63
6337,59
6338,67
6339,50
6340,62
6341,28
6342,76
6343,59
6344,57
6345,58
6346,31
6347,24
6348,66
6349,29
6350,64
6351,4
6352,74
6353,33
6354,75
6355,35
6356,19
6357,50
6358,78
6359,22
6360,46
6361,52
6362,72
6363,73
6364,33
6365,56
6366,30
6367,42
6368,64
6369,47
6370,29
6371,76
6372,73
6373,40
6374,91
6375,27
6376,55
6377,37
6378,105
6379,72
6380,56
6381,23
6382,68
6383,59
6384,50
6385,31
6386,28
6387,48
6388,61
6389,60
6390,43
6391,33
6392,39
6393,64
6394,61
6395,71
6396,13
6397,18
6398,83
6399,60
6400,62
6401,54
6402,69
6403,49
6404,89
6405,31
6406,68
6407,54
6408,32
6409,47
6410,54
6411,45
6412,96
6413,64
6414,66
6415,52
6416,90
6417,65
6418,58
6419,57
6420,41
6421,34
6422,40
6423,57
6424,25
6425,54
6426,53
6427,43
6428,42
6429,8
6430,2
6431,35
6432,19
6433,49
6434,78
6435,3
6436,80
6437,55
6438,90
6439,57
6440,64
6441,31
6442,52
6443,66
6444,35
6445,27
6446,35
6447,57
6448,45
6449,33
6450,31
6451,29
6452,43
6453,42
6454,51
6455,63
6456,13
6457,67
6458,63
6459,60
6460,72
6461,54
6462,38
6463,36
6464,50
6465,37
6466,91
6467,79
6468,66
6469,51
6470,24
6471,67
6472,49
6473,65
6474,64
6475,54
6476,59
6477,65
6478,63
6479,7
6480,69
6481,26
6482,61
6483,73
6484,46
6485,32
6486,70
6487,85
6488,46
6489,59
6490,51
6491,58
6492,74
6493,67
6494,53
6495,44
6496,20
6497,32
6498,77
6499,39
6500,46
6501,73
6502,50
6503,75
6504,41
6505,39
6506,40
6507,16
6508,101
6509,40
6510,68
6511,44
6512,48
6513,35
6514,30
6515,46
6516,33
6517,74
6518,29
6519,66
6520,60
6521,76
6522,53
6523,50
6524,52
6525,72
6526,53
6527,39
6528,48
6529,50
6530,41
6531,2
6532,22
6533,76
6534,46
6535,45
6536,42
6537,63
6538,12
6539,45
6540,74
6541,9
6542,67
6543,48
6544,32
6545,61
6546,69
6547,26
6548,48
6549,69
6550,108
6551,75
6552,28
6553,93
6554,62
6555,51
6556,37
6557,53
6558,70
6559,53
6560,15
6561,56
6562,79
6563,21
6564,57
6565,90
6566,93
6567,47
6568,61
6569,46
6570,87
6571,42
6572,63
6573,71
6574,40
6575,31
6576,39
6577,28
6578,34
6579,51
6580,47
6581,87
6582,56
6583,46
6584,32
6585,42
6586,52
6587,35
6588,2
6589,57
6590,47
6591,34
6592,64
6593,72
6594,30
6595,73
6596,31
6597,37
6598,43
6599,52
6600,46
6601,49
6602,54
6603,59
6604,36
6605,38
6606,33
6607,63
6608,47
6609,36
6610,72
6611,59
6612,57
6613,21
6614,72
6615,29
6616,8
6617,40
6618,48
6619,46
6620,104
6621,78
6622,59
6623,42
6624,27
6625,59
6626,2
6627,73
6628,45
6629,5
6630,75
6631,67
6632,54
6633,56
6634,91
6635,33
6636,54
6637,64
6638,28
6639,84
6640,54
6641,40
6642,42
6643,64
6644,45
6645,52
6646,48
6647,51
6648,45
6649,53
6650,61
6651,74
6652,26
6653,26
6654,61
6655,70
6656,54
6657,73
6658,26
6659,43
6660,70
6661,43
6662,10
6663,49
6664,97
6665,62
6666,36
6667,34
6668,70
6669,31
6670,46
6671,47
6672,40
6673,54
6674,49
6675,33
6676,46
6677,43
6678,49
6679,55
6680,38
6681,63
6682,2
6683,35
6684,47
6685,50
6686,62
6687,51
6688,59
6689,54
6690,36
6691,35
6692,19
6693,75
6694,41
6695,62
6696,66
6697,74
6698,16
6699,26
6700,19
6701,59
6702,48
6703,69
6704,93
6705,63
6706,20
6707,69
6708,75
6709,37
6710,53
6711,27
6712,79
6713,23
6714,29
6715,22
6716,47
6717,46
6718,39
6719,47
6720,51
6721,49
6722,36
6723,50
6724,41
6725,22
6726,41
6727,58
6728,77
6729,60
6730,53
6731,68
6732,84
6733,74
6734,34
6735,60
6736,53
6737,42
6738,26
6739,29
6740,72
6741,63
6742,99
6743,43
6744,70
6745,38
6746,30
6747,18
6748,27
6749,48
6750,60
6751,49
6752,42
6753,53
6754,82
6755,39
6756,55
6757,44
6758,51
6759,4
6760,65
6761,81
6762,21
6763,70
6764,46
6765,32
6766,57
6767,17
6768,52
6769,53
6770,91
6771,63
6772,21
6773,40
6774,24
6775,38
6776,99
6777,31
6778,52
6779,55
6780,49
6781,47
6782,55
6783,104
6784,63
6785,48
6786,46
6787,64
6788,7
6789,24
6790,33
6791,51
6792,35
6793,36
6794,39
6795,50
6796,29
6797,52
6798,12
6799,17
6800,90
6801,25
6802,77
6803,65
6804,41
6805,59
6806,65
6807,59
6808,60
6809,39
6810,48
6811,27
6812,43
6813,61
6814,48
6815,61
6816,50
6817,76
6818,89
6819,21
6820,70
6821,89
6822,53
6823,58
6824,50
6825,51
6826,55
6827,51
6828,71
6829,65
6830,46
6831,63
6832,36
6833,56
6834,43
6835,68
6836,45
6837,75
6838,39
6839,61
6840,85
6841,62
6842,62
6843,53
6844,10
6845,45
6846,44
6847,39
6848,55
6849,44
6850,33
6851,59
6852,5
6853,68
6854,42
6855,12
6856,41
6857,81
6858,17
6859,66
6860,21
6861,14
6862,53
6863,42
6864,19
6865,58
6866,56
6867,74
6868,61
6869,63
6870,46
6871,39
6872,27
6873,38
6874,2
6875,59
6876,64
6877,29
6878,40
6879,45
6880,35
6881,43
6882,30
6883,45
6884,64
6885,54
6886,53
6887,65
6888,15
6889,49
6890,78
6891,49
6892,66
6893,47
6894,82
6895,23
6896,61
6897,45
6898,54
6899,44
6900,13
6901,38
6902,47
6903,62
6904,44
6905,72
6906,72
6907,31
6908,67
6909,65
6910,58
6911,44
6912,23
6913,20
6914,12
6915,24
6916,94
6917,51
6918,41
6919,24
6920,62
6921,19
6922,35
6923,59
6924,30
6925,55
6926,61
6927,19
6928,73
6929,61
6930,30
6931,62
6932,30
6933,40
6934,51
6935,2
6936,61
6937,52
6938,45
6939,48
6940,22
6941,69
6942,52
6943,18
6944,40
6945,38
6946,57
6947,54
6948,60
6949,36
6950,33
6951,42
6952,45
6953,55
6954,28
6955,78
6956,44
6957,62
6958,44
6959,52
6960,39
6961,67
6962,42
6963,35
6964,33
6965,69
6966,30
6967,77
6968,21
6969,49
6970,53
6971,32
6972,81
6973,51
6974,52
6975,50
6976,60
6977,69
6978,24
6979,80
6980,91
6981,54
6982,65
6983,66
6984,61
6985,60
6986,62
6987,56
6988,31
6989,74
6990,60
6991,41
6992,46
6993,56
6994,31
6995,21
6996,8
6997,64
6998,72
6999,63
7000,53
7001,62
7002,43
7003,49
7004,54
7005,39
7006,70
7007,13
7008,22
7009,59
7010,81
7011,37
7012,73
7013,5
7014,29
7015,20
7016,66
7017,55
7018,54
7019,15
7020,94
7021,18
7022,13
7023,74
7024,68
7025,46
7026,43
7027,51
7028,78
7029,50
7030,53
7031,40
7032,59
7033,48
7034,64
7035,34
7036,50
7037,56
7038,82
7039,16
7040,44
7041,35
7042,45
7043,33
7044,48
7045,53
7046,63
7047,84
7048,36
7049,11
7050,43
7051,71
7052,64
7053,72
7054,26
7055,30
7056,56
7057,69
7058,40
7059,20
7060,56
7061,22
7062,19
7063,32
7064,47
7065,67
7066,48
7067,64
7068,56
7069,47
7070,12
7071,35
7072,31
7073,44
7074,36
7075,17
7076,37
7077,64
7078,52
7079,28
7080,48
7081,59
7082,93
7083,46
7084,32
7085,57
7086,58
7087,65
7088,35
7089,57
7090,45
7091,55
7092,50
7093,58
7094,44
7095,60
7096,88
7097,22
7098,45
7099,81
7100,69
7101,68
7102,20
7103,60
7104,94
7105,70
7106,67
7107,38
7108,68
7109,56
7110,37
7111,80
7112,60
7113,10
7114,51
7115,31
7116,71
7117,39
7118,26
7119,65
7120,53
7121,66
7122,24
7123,102
7124,31
7125,39
7126,40
7127,74
7128,65
7129,32
7130,45
7131,25
7132,48
7133,60
7134,57
7135,79
7136,65
7137,65
7138,53
7139,48
7140,74
7141,33
7142,60
7143,34
7144,24
7145,28
7146,57
7147,64
7148,54
7149,49
7150,23
7151,62
7152,79
7153,25
7154,4
7155,44
7156,58
7157,17
7158,64
7159,57
7160,53
7161,53
7162,57
7163,22
7164,58
7165,56
7166,28
7167,50
7168,64
7169,66
7170,34
7171,16
7172,46
7173,17
7174,75
7175,12
7176,40
7177,93
7178,53
7179,12
7180,74
7181,63
7182,79
7183,67
7184,58
7185,45
7186,71
7187,83
7188,49
7189,34
7190,62
7191,55
7192,34
7193,41
7194,44
7195,75
7196,49
7197,35
7198,18
7199,71
7200,93
7201,34
7202,87
7203,61
7204,66
7205,39
7206,53
7207,50
7208,70
7209,53
7210,42
7211,65
7212,44
7213,106
7214,42
7215,49
7216,83
7217,78
7218,17
7219,53
7220,41
7221,20
7222,29
7223,15
7224,54
7225,24
7226,36
7227,44
7228,18
7229,53
7230,50
7231,52
7232,30
7233,57
7234,31
7235,78
7236,39
7237,47
7238,69
7239,63
7240,76
7241,34
7242,75
7243,80
7244,86
7245,73
7246,9
7247,68
7248,22
7249,42
7250,58
7251,82
7252,21
7253,29
7254,33
7255,81
7256,92
7257,56
7258,58
7259,65
7260,26
7261,2
7262,38
7263,35
7264,25
7265,72
7266,87
7267,52
7268,24
7269,47
7270,46
7271,25
7272,59
7273,43
7274,47
7275,34
7276,67
7277,46
7278,34
7279,71
7280,45
7281,46
7282,2
7283,60
7284,79
7285,46
7286,46
7287,51
7288,50
7289,33
7290,34
7291,39
7292,97
7293,81
7294,29
7295,44
7296,72
7297,30
7298,46
7299,54
7300,39
7301,85
7302,64
7303,18
7304,43
7305,63
7306,8
7307,58
7308,39
7309,34
7310,33
7311,43
7312,34
7313,84
7314,62
7315,30
7316,58
7317,67
7318,29
7319,77
7320,60
7321,55
7322,44
7323,56
7324,10
7325,24
7326,16
7327,51
7328,71
7329,50
7330,34
7331,59
7332,74
7333,30
7334,41
7335,77
7336,32
7337,63
7338,77
7339,18
7340,35
7341,55
7342,63
7343,41
7344,26
7345,90
7346,23
7347,2
7348,35
7349,65
7350,41
7351,21
7352,41
7353,38
7354,70
7355,42
7356,64
7357,65
7358,55
7359,25
7360,45
7361,19
7362,56
7363,58
7364,35
7365,51
7366,32
7367,74
7368,35
7369,66
7370,57
7371,21
7372,32
7373,68
7374,73
7375,21
7376,63
7377,36
7378,42
7379,51
7380,22
7381,54
7382,47
7383,65
7384,18
7385,42
7386,55
7387,59
7388,44
7389,77
7390,44
7391,52
7392,39
7393,38
7394,70
7395,75
7396,52
7397,32
7398,35
7399,52
7400,86
7401,46
7402,52
7403,48
7404,52
7405,58
7406,36
7407,42
7408,16
7409,58
7410,33
7411,61
7412,74
7413,65
7414,72
7415,62
7416,14
7417,35
7418,71
7419,43
7420,61
7421,51
7422,76
7423,48
7424,41
7425,26
7426,54
7427,48
7428,63
7429,64
7430,61
7431,72
7432,36
7433,77
7434,77
7435,49
7436,22
7437,51
7438,68
7439,79
7440,42
7441,33
7442,52
7443,60
7444,55
7445,36
7446,55
7447,37
7448,69
7449,43
7450,69
7451,63
7452,52
7453,27
7454,58
7455,45
7456,64
7457,71
7458,40
7459,7
7460,61
7461,57
7462,41
7463,58
7464,19
7465,61
7466,39
7467,31
7468,31
7469,61
7470,47
7471,31
7472,24
7473,73
7474,33
7475,89
7476,64
7477,5
7478,62
7479,54
7480,63
7481,10
7482,49
7483,56
7484,37
7485,54
7486,16
7487,47
7488,60
7489,52
7490,51
7491,46
7492,44
7493,59
7494,81
7495,29
7496,49
7497,37
7498,65
7499,54
7500,49
7501,94
7502,71
7503,69
7504,48
7505,28
7506,22
7507,52
7508,71
7509,37
7510,33
7511,48
7512,32
7513,53
7514,39
7515,64
7516,33
7517,58
7518,9
7519,37
7520,62
7521,74
7522,24
7523,38
7524,89
7525,74
7526,18
7527,9
7528,33
7529,56
7530,25
7531,65
7532,32
7533,35
7534,47
7535,40
7536,57
7537,31
7538,40
7539,42
7540,57
7541,30
7542,44
7543,80
7544,11
7545,79
7546,41
7547,11
7548,61
7549,46
7550,30
7551,36
7552,86
7553,55
7554,54
7555,21
7556,58
7557,69
7558,53
7559,80
7560,66
7561,74
7562,38
7563,30
7564,29
7565,52
7566,33
7567,23
7568,52
7569,37
7570,51
7571,10
7572,44
7573,42
7574,40
7575,4
7576,54
7577,65
7578,49
7579,14
7580,58
7581,52
7582,40
7583,47
7584,80
7585,37
7586,63
7587,35
7588,36
7589,63
7590,67
7591,87
7592,63
7593,86
7594,32
7595,21
7596,63
7597,69
7598,66
7599,67
7600,50
7601,59
7602,43
7603,56
7604,60
7605,41
7606,8
7607,65
7608,52
7609,93
7610,2
7611,33
7612,20
7613,68
7614,2
7615,37
7616,52
7617,50
7618,2
7619,47
7620,61
7621,41
7622,55
7623,64
7624,66
7625,66
7626,69
7627,46
7628,55
7629,15
7630,61
7631,36
7632,52
7633,50
7634,93
7635,39
7636,62
7637,43
7638,54
7639,37
7640,54
7641,33
7642,37
7643,89
7644,69
7645,91
7646,60
7647,55
7648,71
7649,48
7650,15
7651,71
7652,49
7653,80
7654,22
7655,38
7656,17
7657,45
7658,45
7659,44
7660,57
7661,29
7662,62
7663,25
7664,25
7665,51
7666,39
7667,54
7668,24
7669,58
7670,29
7671,60
7672,59
7673,48
7674,47
7675,32
7676,32
7677,52
7678,62
7679,70
7680,60
7681,43
7682,58
7683,44
7684,58
7685,33
7686,61
7687,23
7688,71
7689,25
7690,30
7691,49
7692,28
7693,69
7694,30
7695,99
7696,38
7697,63
7698,77
7699,43
7700,21
7701,54
7702,40
7703,62
7704,67
7705,36
7706,41
7707,49
7708,47
7709,47
7710,77
7711,62
7712,76
7713,64
7714,43
7715,33
7716,40
7717,78
7718,70
7719,26
7720,15
7721,27
7722,46
7723,79
7724,22
7725,67
7726,46
7727,76
7728,27
7729,67
7730,39
7731,45
7732,69
7733,85
7734,54
7735,59
7736,43
7737,35
7738,41
7739,45
7740,66
7741,68
7742,57
7743,45
7744,34
7745,78
7746,22
7747,21
7748,32
7749,66
7750,41
7751,44
7752,29
7753,67
7754,51
7755,37
7756,58
7757,45
7758,79
7759,51
7760,47
7761,48
7762,17
7763,48
7764,65
7765,48
7766,27
7767,55
7768,79
7769,39
7770,78
7771,19
7772,85
7773,9
7774,66
7775,65
7776,74
7777,29
7778,22
7779,81
7780,92
7781,64
7782,26
7783,54
7784,70
7785,59
7786,52
7787,61
7788,89
7789,36
7790,56
7791,43
7792,20
7793,52
7794,18
7795,47
7796,14
7797,19
7798,60
7799,46
7800,32
7801,57
7802,34
7803,74
7804,37
7805,34
7806,21
7807,64
7808,33
7809,76
7810,67
7811,26
7812,27
7813,63
7814,94
7815,73
7816,54
7817,39
7818,36
7819,35
7820,58
7821,14
7822,63
7823,29
7824,44
7825,50
7826,46
7827,76
7828,38
7829,42
7830,15
7831,48
7832,14
7833,94
7834,58
7835,51
7836,34
7837,76
7838,59
7839,69
7840,38
7841,62
7842,61
7843,54
7844,60
7845,61
7846,49
7847,47
7848,22
7849,38
7850,79
7851,44
7852,30
7853,45
7854,12
7855,58
7856,52
7857,14
7858,33
7859,45
7860,69
7861,72
7862,58
7863,21
7864,60
7865,36
7866,82
7867,68
7868,52
7869,55
7870,22
7871,36
7872,67
7873,71
7874,77
7875,82
7876,41
7877,32
7878,48
7879,58
7880,6
7881,76
7882,46
7883,27
7884,41
7885,50
7886,44
7887,63
7888,76
7889,35
7890,58
7891,91
7892,43
7893,81
7894,90
7895,46
7896,43
7897,65
7898,71
7899,86
7900,25
7901,71
7902,51
7903,84
7904,54
7905,62
7906,29
7907,83
7908,69
7909,64
7910,58
7911,35
7912,36
7913,62
7914,70
7915,68
7916,56
7917,16
7918,57
7919,56
7920,48
7921,64
7922,56
7923,69
7924,93
7925,44
7926,38
7927,69
7928,48
7929,23
7930,30
7931,2
7932,54
7933,37
7934,57
7935,54
7936,49
7937,62
7938,72
7939,93
7940,45
7941,57
7942,38
7943,48
7944,67
7945,55
7946,50
7947,48
7948,74
7949,15
7950,61
7951,57
7952,2
7953,53
7954,20
7955,63
7956,46
7957,42
7958,75
7959,78
7960,46
7961,67
7962,50
7963,56
7964,70
7965,23
7966,69
7967,71
7968,77
7969,70
7970,42
7971,21
7972,77
7973,33
7974,47
7975,50
7976,53
7977,21
7978,50
7979,24
7980,33
7981,71
7982,32
7983,60
7984,59
7985,54
7986,42
7987,42
7988,24
7989,57
7990,51
7991,61
7992,20
7993,39
7994,44
7995,52
7996,20
7997,35
7998,56
7999,47
8000,17
8001,93
8002,112
8003,61
8004,46
8005,55
8006,6
8007,52
8008,59
8009,18
8010,49
8011,52
8012,50
8013,52
8014,61
8015,23
8016,35
8017,65
8018,45
8019,50
8020,33
8021,47
8022,36
8023,40
8024,72
8025,73
8026,72
8027,65
8028,21
8029,47
8030,55
8031,30
8032,36
8033,90
8034,50
8035,53
8036,42
8037,71
8038,52
8039,60
8040,71
8041,81
8042,30
8043,51
8044,61
8045,66
8046,4
8047,65
8048,24
8049,73
8050,56
8051,20
8052,42
8053,34
8054,41
8055,56
8056,100
8057,25
8058,39
8059,85
8060,53
8061,69
8062,36
8063,31
8064,58
8065,36
8066,36
8067,28
8068,35
8069,53
8070,71
8071,15
8072,58
8073,38
8074,27
8075,45
8076,52
8077,44
8078,58
8079,48
8080,9
8081,46
8082,24
8083,57
8084,48
8085,34
8086,20
8087,55
8088,44
8089,30
8090,33
8091,33
8092,13
8093,49
8094,31
8095,47
8096,66
8097,46
8098,41
8099,39
8100,66
8101,91
8102,52
8103,79
8104,85
8105,17
8106,63
8107,60
8108,28
8109,47
8110,54
8111,63
8112,24
8113,18
8114,43
8115,53
8116,73
8117,55
8118,29
8119,73
8120,41
8121,21
8122,29
8123,51
8124,38
8125,53
8126,50
8127,32
8128,66
8129,61
8130,35
8131,49
8132,52
8133,76
8134,33
8135,105
8136,8
8137,59
8138,44
8139,20
8140,74
8141,44
8142,79
8143,46
8144,61
8145,53
8146,38
8147,44
8148,83
8149,40
8150,80
8151,50
8152,13
8153,33
8154,70
8155,41
8156,40
8157,12
8158,32
8159,61
8160,20
8161,55
8162,34
8163,91
8164,69
8165,47
8166,21
8167,50
8168,59
8169,57
8170,65
8171,50
8172,27
8173,56
8174,84
8175,48
8176,76
8177,31
8178,25
8179,53
8180,65
8181,40
8182,31
8183,61
8184,31
8185,63
8186,66
8187,56
8188,27
8189,52
8190,46
8191,55
8192,103
8193,60
8194,33
8195,37
8196,67
8197,34
8198,52
8199,44
8200,49
8201,66
8202,61
8203,69
8204,19
8205,89
8206,60
8207,76
8208,79
8209,34
8210,64
8211,89
8212,54
8213,63
8214,20
8215,62
8216,60
8217,85
8218,66
8219,34
8220,73
8221,30
8222,56
8223,67
8224,41
8225,78
8226,32
8227,57
8228,63
8229,48
8230,38
8231,30
8232,69
8233,62
8234,35
8235,41
8236,77
8237,27
8238,52
8239,104
8240,51
8241,36
8242,69
8243,29
8244,79
8245,22
8246,48
8247,37
8248,49
8249,47
8250,57
8251,34
8252,69
8253,45
8254,28
8255,48
8256,66
8257,75
8258,25
8259,56
8260,54
8261,52
8262,17
8263,35
8264,50
8265,98
8266,46
8267,49
8268,66
8269,50
8270,62
8271,55
8272,25
8273,38
8274,44
8275,44
8276,98
8277,73
8278,45
8279,20
8280,32
8281,94
8282,70
8283,67
8284,24
8285,76
8286,70
8287,64
8288,20
8289,68
8290,79
8291,32
8292,78
8293,35
8294,54
8295,60
8296,70
8297,31
8298,93
8299,26
8300,18
8301,70
8302,72
8303,62
8304,35
8305,48
8306,49
8307,38
8308,59
8309,41
8310,51
8311,11
8312,51
8313,52
8314,57
8315,16
8316,32
8317,35
8318,65
8319,57
8320,49
8321,33
8322,35
8323,17
8324,53
8325,30
8326,14
8327,50
8328,65
8329,46
8330,42
8331,73
8332,14
8333,71
8334,29
8335,43
8336,56
8337,26
8338,64
8339,34
8340,71
8341,5
8342,37
8343,37
8344,45
8345,53
8346,64
8347,55
8348,16
8349,31
8350,52
8351,14
8352,69
8353,84
8354,54
8355,33
8356,40
8357,72
8358,52
8359,34
8360,49
8361,73
8362,36
8363,65
8364,47
8365,45
8366,54
8367,37
8368,77
8369,39
8370,35
8371,35
8372,15
8373,76
8374,47
8375,18
8376,65
8377,68
8378,66
8379,56
8380,61
8381,34
8382,73
8383,33
8384,55
8385,66
8386,2
8387,53
8388,43
8389,49
8390,47
8391,83
8392,61
8393,88
8394,28
8395,28
8396,90
8397,57
8398,59
8399,58
8400,51
8401,53
8402,57
8403,39
8404,53
8405,70
8406,43
8407,15
8408,40
8409,50
8410,62
8411,56
8412,87
8413,42
8414,30
8415,40
8416,61
8417,50
8418,11
8419,22
8420,51
8421,30
8422,44
8423,46
8424,66
8425,47
8426,35
8427,23
8428,50
8429,12
8430,58
8431,57
8432,60
8433,70
8434,38
8435,57
8436,62
8437,82
8438,50
8439,51
8440,47
8441,38
8442,62
8443,42
8444,47
8445,41
8446,44
8447,48
8448,45
8449,38
8450,53
8451,112
8452,47
8453,45
8454,18
8455,30
8456,42
8457,58
8458,59
8459,11
8460,47
8461,66
8462,28
8463,28
8464,63
8465,47
8466,70
8467,41
8468,66
8469,54
8470,66
8471,58
8472,39
8473,55
8474,13
8475,57
8476,66
8477,60
8478,47
8479,74
8480,15
8481,88
8482,54
8483,55
8484,69
8485,58
8486,59
8487,37
8488,44
8489,47
8490,18
8491,70
8492,13
8493,22
8494,77
8495,47
8496,83
8497,59
8498,20
8499,80
8500,60
8501,35
8502,52
8503,56
8504,66
8505,25
8506,43
8507,63
8508,20
8509,76
8510,59
8511,40
8512,60
8513,44
8514,74
8515,46
8516,67
8517,41
8518,16
8519,77
8520,67
8521,74
8522,39
8523,38
8524,9
8525,23
8526,35
8527,85
8528,40
8529,62
8530,45
8531,47
8532,5
8533,95
8534,39
8535,64
8536,42
8537,88
8538,30
8539,16
8540,46
8541,78
8542,33
8543,86
8544,46
8545,2
8546,58
8547,55
8548,27
8549,45
8550,54
8551,75
8552,62
8553,57
8554,69
8555,36
8556,34
8557,24
8558,51
8559,35
8560,44
8561,51
8562,59
8563,64
8564,38
8565,84
8566,52
8567,60
8568,17
8569,61
8570,25
8571,60
8572,50
8573,83
8574,65
8575,41
8576,27
8577,48
8578,43
8579,73
8580,60
8581,59
8582,63
8583,42
8584,42
8585,67
8586,32
8587,32
8588,19
8589,50
8590,57
8591,61
8592,47
8593,70
8594,66
8595,31
8596,64
8597,71
8598,46
8599,49
8600,47
8601,29
8602,78
8603,48
8604,25
8605,54
8606,55
8607,57
8608,39
8609,57
8610,33
8611,55
8612,24
8613,20
8614,52
8615,18
8616,41
8617,71
8618,21
8619,46
8620,60
8621,35
8622,60
8623,43
8624,39
8625,43
8626,68
8627,58
8628,69
8629,73
8630,28
8631,2
8632,53
8633,60
8634,59
8635,54
8636,40
8637,27
8638,30
8639,56
8640,36
8641,55
8642,67
8643,2
8644,47
8645,62
8646,71
8647,69
8648,24
8649,59
8650,38
8651,27
8652,60
8653,63
8654,90
8655,46
8656,51
8657,61
8658,79
8659,53
8660,46
8661,49
8662,44
8663,9
8664,41
8665,28
8666,43
8667,26
8668,60
8669,52
8670,6
8671,50
8672,49
8673,67
8674,37
8675,50
8676,33
8677,64
8678,33
8679,74
8680,37
8681,45
8682,62
8683,34
8684,45
8685,46
8686,17
8687,40
8688,26
8689,63
8690,34
8691,48
8692,19
8693,37
8694,45
8695,72
8696,58
8697,33
8698,30
8699,50
8700,64
8701,53
8702,30
8703,55
8704,28
8705,9
8706,29
8707,61
8708,67
8709,36
8710,58
8711,74
8712,74
8713,19
8714,82
8715,41
8716,36
8717,26
8718,54
8719,29
8720,44
8721,43
8722,65
8723,63
8724,26
8725,47
8726,75
8727,23
8728,48
8729,57
8730,47
8731,46
8732,47
8733,52
8734,69
8735,33
8736,64
8737,52
8738,60
8739,56
8740,34
8741,37
8742,59
8743,78
8744,53
8745,86
8746,111
8747,9
8748,70
8749,64
8750,76
8751,68
8752,24
8753,56
8754,63
8755,46
8756,75
8757,63
8758,48
8759,23
8760,86
8761,61
8762,39
8763,19
8764,72
8765,89
8766,82
8767,75
8768,47
8769,52
8770,75
8771,43
8772,38
8773,49
8774,32
8775,40
8776,82
8777,72
8778,53
8779,74
8780,57
8781,24
8782,46
8783,56
8784,42
8785,52
8786,67
8787,35
8788,51
8789,60
8790,42
8791,55
8792,47
8793,89
8794,46
8795,106
8796,72
8797,26
8798,52
8799,76
8800,33
8801,27
8802,53
8803,14
8804,39
8805,56
8806,46
8807,50
8808,97
8809,64
8810,91
8811,62
8812,69
8813,9
8814,64
8815,32
8816,24
8817,53
8818,39
8819,8
8820,45
8821,63
8822,38
8823,30
8824,61
8825,64
8826,28
8827,53
8828,70
8829,57
8830,21
8831,83
8832,62
8833,28
8834,36
8835,58
8836,61
8837,20
8838,54
8839,54
8840,46
8841,81
8842,30
8843,62
8844,32
8845,35
8846,16
8847,82
8848,51
8849,88
8850,59
8851,81
8852,49
8853,25
8854,24
8855,98
8856,44
8857,65
8858,46
8859,13
8860,57
8861,44
8862,58
8863,5
8864,29
8865,52
8866,45
8867,51
8868,77
8869,75
8870,47
8871,59
8872,94
8873,50
8874,20
8875,60
8876,86
8877,47
8878,56
8879,15
8880,21
8881,50
8882,45
8883,64
8884,61
8885,22
8886,38
8887,27
8888,2
8889,40
8890,2
8891,47
8892,86
8893,77
8894,52
8895,59
8896,15
8897,69
8898,33
8899,14
8900,14
8901,36
8902,49
8903,35
8904,59
8905,28
8906,84
8907,75
8908,40
8909,56
8910,25
8911,61
8912,69
8913,63
8914,63
8915,96
8916,63
8917,64
8918,35
8919,50
8920,42
8921,36
8922,65
8923,35
8924,46
8925,2
8926,46
8927,65
8928,66
8929,30
8930,54
8931,58
8932,66
8933,23
8934,54
8935,37
8936,64
8937,46
8938,27
8939,30
8940,34
8941,79
8942,32
8943,14
8944,61
8945,43
8946,53
8947,45
8948,34
8949,52
8950,47
8951,99
8952,46
8953,33
8954,19
8955,67
8956,48
8957,92
8958,30
8959,28
8960,45
8961,37
8962,51
8963,41
8964,16
8965,22
8966,20
8967,41
8968,43
8969,50
8970,58
8971,41
8972,66
8973,35
8974,44
8975,24
8976,57
8977,49
8978,25
8979,92
8980,75
8981,29
8982,60
8983,29
8984,49
8985,37
8986,54
8987,67
8988,75
8989,38
8990,69
8991,42
8992,51
8993,48
8994,40
8995,41
8996,76
8997,55
8998,23
8999,82
9000,70
9001,92
9002,57
9003,65
9004,49
9005,33
9006,21
9007,31
9008,50
9009,54
9010,30
9011,44
9012,71
9013,67
9014,38
9015,55
9016,47
9017,49
9018,56
9019,38
9020,46
9021,58
9022,52
9023,71
9024,62
9025,90
9026,31
9027,55
9028,76
9029,14
9030,56
9031,92
9032,43
9033,34
9034,53
9035,87
9036,39
9037,42
9038,40
9039,65
9040,22
9041,58
9042,54
9043,64
9044,56
9045,11
9046,52
9047,36
9048,26
9049,35
9050,44
9051,59
9052,60
9053,70
9054,48
9055,31
9056,38
9057,60
9058,51
9059,54
9060,58
9061,55
9062,29
9063,79
9064,36
9065,48
9066,56
9067,76
9068,52
9069,60
9070,36
9071,26
9072,42
9073,60
9074,59
9075,56
9076,22
9077,51
9078,45
9079,70
9080,40
9081,53
9082,69
9083,34
9084,36
9085,46
9086,65
9087,45
9088,32
9089,54
9090,24
9091,13
9092,35
9093,72
9094,58
9095,38
9096,24
9097,53
9098,46
9099,36
9100,55
9101,39
9102,62
9103,40
9104,71
9105,54
9106,22
9107,50
9108,51
9109,59
9110,45
9111,46
9112,60
9113,51
9114,60
9115,90
9116,27
9117,39
9118,72
9119,53
9120,29
9121,43
9122,65
9123,9
9124,84
9125,35
9126,40
9127,14
9128,16
9129,68
9130,70
9131,40
9132,30
9133,78
9134,53
9135,55
9136,63
9137,62
9138,38
9139,79
9140,39
9141,77
9142,77
9143,31
9144,72
9145,60
9146,56
9147,28
9148,39
9149,61
9150,39
9151,46
9152,7
9153,54
9154,43
9155,23
9156,39
9157,76
9158,76
9159,45
9160,58
9161,32
9162,64
9163,31
9164,38
9165,12
9166,53
9167,42
9168,57
9169,51
9170,54
9171,21
9172,50
9173,75
9174,58
9175,56
9176,56
9177,55
9178,58
9179,29
9180,49
9181,55
9182,56
9183,17
9184,59
9185,50
9186,42
9187,37
9188,7
9189,48
9190,76
9191,60
9192,64
9193,12
9194,47
9195,34
9196,76
9197,77
9198,20
9199,24
9200,92
9201,31
9202,23
9203,57
9204,46
9205,64
9206,82
9207,44
9208,32
9209,95
9210,66
9211,43
9212,58
9213,51
9214,66
9215,51
9216,56
9217,15
9218,37
9219,34
9220,49
9221,49
9222,66
9223,59
9224,9
9225,60
9226,40
9227,48
9228,52
9229,33
9230,92
9231,16
9232,50
9233,49
9234,33
9235,30
9236,48
9237,84
9238,33
9239,70
9240,62
9241,53
9242,20
9243,34
9244,57
9245,31
9246,62
9247,30
9248,21
9249,8
9250,42
9251,70
9252,26
9253,71
9254,68
9255,37
9256,13
9257,40
9258,23
9259,94
9260,50
9261,55
9262,54
9263,16
9264,50
9265,45
9266,26
9267,40
9268,69
9269,73
9270,55
9271,29
9272,76
9273,29
9274,7
9275,53
9276,34
9277,12
9278,55
9279,53
9280,43
9281,58
9282,62
9283,38
9284,57
9285,70
9286,58
9287,23
9288,28
9289,49
9290,62
9291,58
9292,50
9293,62
9294,80
9295,33
9296,48
9297,50
9298,48
9299,36
9300,32
9301,55
9302,59
9303,57
9304,19
9305,4
9306,25
9307,33
9308,70
9309,10
9310,33
9311,35
9312,79
9313,44
9314,39
9315,23
9316,35
9317,57
9318,64
9319,25
9320,57
9321,49
9322,43
9323,36
9324,12
9325,43
9326,65
9327,13
9328,62
9329,76
9330,51
9331,57
9332,60
9333,45
9334,44
9335,57
9336,48
9337,53
9338,91
9339,47
9340,60
9341,61
9342,47
9343,48
9344,27
9345,43
9346,33
9347,15
9348,44
9349,65
9350,36
9351,51
9352,43
9353,58
9354,71
9355,17
9356,41
9357,45
9358,28
9359,48
9360,39
9361,28
9362,56
9363,63
9364,72
9365,14
9366,12
9367,47
9368,26
9369,23
9370,22
9371,25
9372,21
9373,43
9374,73
9375,26
9376,62
9377,72
9378,86
9379,23
9380,74
9381,2
9382,53
9383,47
9384,49
9385,36
9386,44
9387,37
9388,46
9389,63
9390,85
9391,64
9392,72
9393,23
9394,42
9395,58
9396,89
9397,17
9398,22
9399,19
9400,33
9401,98
9402,37
9403,55
9404,44
9405,25
9406,74
9407,44
9408,70
9409,81
9410,86
9411,72
9412,72
9413,46
9414,37
9415,33
9416,31
9417,66
9418,40
9419,45
9420,55
9421,86
9422,42
9423,52
9424,75
9425,40
9426,80
9427,58
9428,15
9429,52
9430,67
9431,76
9432,17
9433,44
9434,61
9435,45
9436,58
9437,30
9438,53
9439,40
9440,57
9441,67
9442,73
9443,57
9444,21
9445,76
9446,65
9447,80
9448,50
9449,71
9450,27
9451,75
9452,39
9453,21
9454,46
9455,47
9456,59
9457,60
9458,52
9459,62
9460,28
9461,43
9462,40
9463,55
9464,45
9465,45
9466,38
9467,61
9468,53
9469,34
9470,45
9471,12
9472,21
9473,57
9474,77
9475,58
9476,45
9477,34
9478,79
9479,74
9480,52
9481,79
9482,76
9483,53
9484,51
9485,51
9486,74
9487,64
9488,45
9489,13
9490,37
9491,14
9492,34
9493,57
9494,26
9495,51
9496,40
9497,59
9498,38
9499,32
9500,76
9501,59
9502,43
9503,57
9504,60
9505,42
9506,64
9507,59
9508,56
9509,66
9510,48
9511,50
9512,50
9513,72
9514,40
9515,35
9516,62
9517,65
9518,33
9519,55
9520,60
9521,46
9522,57
9523,59
9524,71
9525,44
9526,40
9527,19
9528,56
9529,42
9530,15
9531,39
9532,92
9533,47
9534,15
9535,60
9536,2
9537,113
9538,25
9539,65
9540,61
9541,25
9542,33
9543,33
9544,69
9545,46
9546,55
9547,42
9548,27
9549,40
9550,59
9551,60
9552,23
9553,43
9554,33
9555,54
9556,67
9557,74
9558,57
9559,28
9560,29
9561,2
9562,70
9563,40
9564,54
9565,51
9566,29
9567,51
9568,47
9569,33
9570,27
9571,52
9572,60
9573,63
9574,77
9575,35
9576,71
9577,39
9578,67
9579,71
9580,16
9581,38
9582,79
9583,44
9584,52
9585,32
9586,61
9587,22
9588,43
9589,45
9590,55
9591,52
9592,60
9593,13
9594,63
9595,76
9596,24
9597,62
9598,69
9599,28
9600,31
9601,70
9602,51
9603,52
9604,35
9605,51
9606,22
9607,54
9608,41
9609,48
9610,23
9611,26
9612,52
9613,83
9614,64
9615,69
9616,17
9617,15
9618,53
9619,43
9620,30
9621,28
9622,41
9623,58
9624,23
9625,7
9626,102
9627,76
9628,40
9629,45
9630,42
9631,2
9632,20
9633,35
9634,58
9635,62
9636,65
9637,43
9638,68
9639,19
9640,68
9641,41
9642,70
9643,55
9644,54
9645,79
9646,47
9647,44
9648,35
9649,32
9650,50
9651,51
9652,77
9653,41
9654,47
9655,76
9656,54
9657,71
9658,61
9659,32
9660,35
9661,76
9662,87
9663,45
9664,22
9665,35
9666,35
9667,5
9668,30
9669,69
9670,10
9671,87
9672,29
9673,74
9674,44
9675,49
9676,42
9677,27
9678,8
9679,35
9680,38
9681,40
9682,78
9683,44
9684,45
9685,54
9686,35
9687,38
9688,37
9689,34
9690,30
9691,77
9692,46
9693,33
9694,49
9695,47
9696,59
9697,34
9698,44
9699,19
9700,32
9701,72
9702,32
9703,63
9704,50
9705,38
9706,30
9707,62
9708,35
9709,32
9710,57
9711,13
9712,113
9713,104
9714,61
9715,34
9716,62
9717,58
9718,57
9719,21
9720,54
9721,38
9722,59
9723,36
9724,80
9725,24
9726,63
9727,30
9728,31
9729,42
9730,59
9731,39
9732,65
9733,24
9734,45
9735,40
9736,57
9737,49
9738,13
9739,87
9740,64
9741,59
9742,49
9743,61
9744,57
9745,45
9746,62
9747,62
9748,93
9749,58
9750,57
9751,32
9752,53
9753,72
9754,41
9755,57
9756,32
9757,39
9758,65
9759,35
9760,47
9761,54
9762,72
9763,80
9764,61
9765,51
9766,25
9767,13
9768,25
9769,60
9770,27
9771,77
9772,48
9773,32
9774,63
9775,58
9776,35
9777,63
9778,55
9779,43
9780,37
9781,63
9782,36
9783,48
9784,70
9785,54
9786,30
9787,91
9788,98
9789,24
9790,74
9791,41
9792,40
9793,21
9794,15
9795,38
9796,76
9797,37
9798,94
9799,81
9800,18
9801,72
9802,63
9803,44
9804,35
9805,18
9806,54
9807,53
9808,38
9809,18
9810,59
9811,65
9812,79
9813,30
9814,81
9815,56
9816,63
9817,14
9818,14
9819,42
9820,75
9821,32
9822,78
9823,35
9824,44
9825,39
9826,59
9827,42
9828,42
9829,89
9830,39
9831,38
9832,64
9833,53
9834,70
9835,39
9836,54
9837,51
9838,65
9839,34
9840,35
9841,53
9842,57
9843,52
9844,76
9845,55
9846,35
9847,34
9848,58
9849,62
9850,64
9851,59
9852,52
9853,46
9854,30
9855,85
9856,61
9857,75
9858,52
9859,32
9860,37
9861,51
9862,51
9863,63
9864,29
9865,96
9866,38
9867,33
9868,45
9869,54
9870,44
9871,36
9872,73
9873,39
9874,2
9875,6
9876,67
9877,17
9878,62
9879,34
9880,73
9881,49
9882,64
9883,81
9884,72
9885,43
9886,60
9887,57
9888,34
9889,46
9890,66
9891,23
9892,52
9893,7
9894,67
9895,11
9896,33
9897,46
9898,58
9899,76
9900,49
9901,28
9902,37
9903,64
9904,65
9905,48
9906,48
9907,76
9908,30
9909,21
9910,14
9911,31
9912,20
9913,66
9914,45
9915,44
9916,22
9917,32
9918,47
9919,72
9920,49
9921,63
9922,74
9923,36
9924,63
9925,81
9926,77
9927,73
9928,27
9929,60
9930,86
9931,53
9932,50
9933,26
9934,6
9935,39
9936,47
9937,48
9938,56
9939,78
9940,41
9941,36
9942,31
9943,66
9944,22
9945,44
9946,63
9947,72
9948,88
9949,39
9950,61
9951,40
9952,34
9953,70
9954,51
9955,52
9956,64
9957,74
9958,75
9959,22
9960,73
9961,32
9962,51
9963,41
9964,54
9965,59
9966,71
9967,50
9968,54
9969,58
9970,68
9971,20
9972,78
9973,58
9974,30
9975,44
9976,53
9977,21
9978,36
9979,13
9980,44
9981,50
9982,58
9983,50
9984,32
9985,33
9986,58
9987,21
9988,71
9989,34
9990,69
9991,17
9992,61
9993,65
9994,47
9995,39
9996,68
9997,70
9998,74
9999,52
10000,49
